,img_link
0,https://i2.ytimg.com/vi/VmPmaha4Bko/0.jpg
1,https://i.ytimg.com/vi/hjhJhosrgqY/hq720.jpg?sqp=-oaymwEcCNAFEJQDSFXyq4qpAw4IARUAAIhCGAFwAcABBg==&rs=AOn4CLAQX0r_NgJwV12z8xVuKu8p44OFKw
2,https://i.ytimg.com/vi/DW5pgxVmxPc/hq720.jpg?sqp=-oaymwEcCNAFEJQDSFXyq4qpAw4IARUAAIhCGAFwAcABBg==&rs=AOn4CLDEsnJJCs-2IUGt5GWul5czsJHEbQ
3,https://i.ytimg.com/vi/p2fxv3PAtLU/hq720.jpg?sqp=-oaymwEcCNAFEJQDSFXyq4qpAw4IARUAAIhCGAFwAcABBg==&rs=AOn4CLCcfBIHJM2Sf-3Gr19i5kbn5n0OKQ
4,https://i.ytimg.com/vi/vR6zIJEdm70/hq720.jpg?sqp=-oaymwEcCNAFEJQDSFXyq4qpAw4IARUAAIhCGAFwAcABBg==&rs=AOn4CLDBFqCkqkGcctbejdOQeRzp99H3hg
5,https://i.ytimg.com/vi/fz8YQRpm8d0/hq720.jpg?sqp=-oaymwEcCNAFEJQDSFXyq4qpAw4IARUAAIhCGAFwAcABBg==&rs=AOn4CLAyD9piJNnXaZ9QKUawfz117Gy53g
6,https://i.ytimg.com/vi/IGJ-SjyT2LE/hq720.jpg?sqp=-oaymwEcCNAFEJQDSFXyq4qpAw4IARUAAIhCGAFwAcABBg==&rs=AOn4CLD1jLVgidWN7ZHa6sMU88XpZfJ6jw
7,https://i.ytimg.com/vi/p2fxv3PAtLU/hqdefault.jpg?sqp=-oaymwEXCNACELwBSFryq4qpAwkIARUAAIhCGAE=&rs=AOn4CLBIo5qZ9K0CnNLiozxBZEDg_xMiRA
8,https://i.ytimg.com/vi/gYMvM7qitbY/hq720.jpg?sqp=-oaymwEcCNAFEJQDSFXyq4qpAw4IARUAAIhCGAFwAcABBg==&rs=AOn4CLBtRT7R8oas1XY8KdAVWV__a_1WxA
9,https://i.ytimg.com/vi/jF_Mq-aKUpc/hq720.jpg?sqp=-oaymwEcCNAFEJQDSFXyq4qpAw4IARUAAIhCGAFwAcABBg==&rs=AOn4CLA_TiDmaSmBLmVbblf-OxO4kIVRVw
10,https://i.ytimg.com/vi/czeEZEyjUy4/hq720.jpg?sqp=-oaymwEcCNAFEJQDSFXyq4qpAw4IARUAAIhCGAFwAcABBg==&rs=AOn4CLAXWEP0IcYZ70k_Q48_IpvQAcz4JA
11,https://i.ytimg.com/vi/6KYPsNmCkTw/oar2.jpg?sqp=-oaymwEaCJUDENAFSFXyq4qpAwwIARUAAIhCcAHAAQY=&rs=AOn4CLACXd_Tc1AiZk5IKDtTsi145WE_6w
12,https://i.ytimg.com/vi/HjGlM-WztP0/oar2.jpg?sqp=-oaymwEaCJUDENAFSFXyq4qpAwwIARUAAIhCcAHAAQY=&rs=AOn4CLBO4g7MrGZNpg6RvyYvPVbM5F_ZBw
13,https://i.ytimg.com/vi/XbfETbGdJMk/oar2.jpg?sqp=-oaymwEaCJUDENAFSFXyq4qpAwwIARUAAIhCcAHAAQY=&rs=AOn4CLCzKRHD0R_bWS1z_Tf0MyHOOWtiqA
14,https://i.ytimg.com/vi/hD5D0p6qQH0/oar2.jpg?sqp=-oaymwEaCJUDENAFSFXyq4qpAwwIARUAAIhCcAHAAQY=&rs=AOn4CLB74hJdLAwJrwc2siaOafpfSZbxEQ
15,https://i.ytimg.com/vi/n9EmA6-j1EI/hq720.jpg?sqp=-oaymwEcCNAFEJQDSFXyq4qpAw4IARUAAIhCGAFwAcABBg==&rs=AOn4CLAAI_tjwT3lFMIYsR7HokNd8XS9kA
16,https://i.ytimg.com/vi/AL0wgQBAzrM/hq720.jpg?sqp=-oaymwEcCNAFEJQDSFXyq4qpAw4IARUAAIhCGAFwAcABBg==&rs=AOn4CLDp8gU7maJrBLaeZ7GE3ZNItFkCiA
17,https://i.ytimg.com/vi/3L-pA0cfzV4/hq720.jpg?sqp=-oaymwEcCNAFEJQDSFXyq4qpAw4IARUAAIhCGAFwAcABBg==&rs=AOn4CLCZf2EwktayqXjqLJa1zzsyZS-HUQ
18,https://i.ytimg.com/vi/LnJz8iVo6CA/hq720.jpg?sqp=-oaymwEcCNAFEJQDSFXyq4qpAw4IARUAAIhCGAFwAcABBg==&rs=AOn4CLD5FXSFnnfV9h7STWe9l900ls8OTg
19,https://i.ytimg.com/vi/lQ0fS2meTYQ/hq720.jpg?sqp=-oaymwEcCNAFEJQDSFXyq4qpAw4IARUAAIhCGAFwAcABBg==&rs=AOn4CLAEJpS2hlB8pA6KiPxjLMekRZxn3g
20,https://i.ytimg.com/vi/nsvYJQTFjmE/hq720.jpg?sqp=-oaymwEcCNAFEJQDSFXyq4qpAw4IARUAAIhCGAFwAcABBg==&rs=AOn4CLD5Rn7sKwZPXFZi2QkksxZussyxvw
21,https://i.ytimg.com/vi/R_cWamntgPw/hq720.jpg?sqp=-oaymwEcCNAFEJQDSFXyq4qpAw4IARUAAIhCGAFwAcABBg==&rs=AOn4CLBL6pAp59-LHfgBegNfu7k8MAbiLg
22,https://i.ytimg.com/vi/3lKLf3cX3sI/hqdefault.jpg?sqp=-oaymwEcCOADEI4CSFXyq4qpAw4IARUAAIhCGAFwAcABBg==&rs=AOn4CLDKU0UTBDX6eUeyZiylSjNjreKvww
23,https://i.ytimg.com/vi/cDceHmXl-8k/oar2.jpg?sqp=-oaymwEaCNkEENAFSFXyq4qpAwwIARUAAIhCcAHAAQY=&rs=AOn4CLAXL6h0ciAPCCt5-L6NT-bdfmv8qg
24,https://i.ytimg.com/vi/hVq7IvhVHVM/oar2.jpg?sqp=-oaymwEaCJUDENAFSFXyq4qpAwwIARUAAIhCcAHAAQY=&rs=AOn4CLD2WKWGqZ_Hqlho3cg-1hXjbSDeZw
25,https://i.ytimg.com/vi/n34Adz1dXXU/oar2.jpg?sqp=-oaymwEaCJUDENAFSFXyq4qpAwwIARUAAIhCcAHAAQY=&rs=AOn4CLBDNpVLFAakVOFT5Do6PX97taj3Pw
26,https://i.ytimg.com/vi/yfjSkOvfKQk/oar2.jpg?sqp=-oaymwEaCJUDENAFSFXyq4qpAwwIARUAAIhCcAHAAQY=&rs=AOn4CLBrNPUTdGysHjGImarFdb0_5JtiiA
27,https://i.ytimg.com/vi/Jdj2k6Hyl0A/hqdefault.jpg?sqp=-oaymwEcCOADEI4CSFXyq4qpAw4IARUAAIhCGAFwAcABBg==&rs=AOn4CLBHxfKCvuUrHf0T4YNEkJ89MNS5RA
28,https://i.ytimg.com/vi/lnBPT2lgu_c/hqdefault.jpg?sqp=-oaymwEcCOADEI4CSFXyq4qpAw4IARUAAIhCGAFwAcABBg==&rs=AOn4CLBNCbkBAXCNeiXZVCm44GWQw31nlg
29,https://i.ytimg.com/vi/sE3wXBvSulU/hq720.jpg?sqp=-oaymwEcCNAFEJQDSFXyq4qpAw4IARUAAIhCGAFwAcABBg==&rs=AOn4CLBVHIeCbjOT0TSzwBKVhNRIUqLqiw
30,https://i.ytimg.com/vi/bH7RG8Cxg4k/hq720.jpg?sqp=-oaymwEcCNAFEJQDSFXyq4qpAw4IARUAAIhCGAFwAcABBg==&rs=AOn4CLBUje6AdtNIoJKqikn-G0hboNNoaQ
31,https://i.ytimg.com/vi/xNJ5G5LUdSM/hq720.jpg?sqp=-oaymwEcCNAFEJQDSFXyq4qpAw4IARUAAIhCGAFwAcABBg==&rs=AOn4CLBeRBRQY3fXsddXswGlTgubjDcrmQ
32,https://i.ytimg.com/vi/roX5WVVYmb4/hq720.jpg?sqp=-oaymwEcCNAFEJQDSFXyq4qpAw4IARUAAIhCGAFwAcABBg==&rs=AOn4CLDBKDc6HqKMwewunY3-4mKwqAWC-g
33,https://i.ytimg.com/vi/ukRv3GTFEho/hq720.jpg?sqp=-oaymwEcCNAFEJQDSFXyq4qpAw4IARUAAIhCGAFwAcABBg==&rs=AOn4CLA94tUdWjCS8BMCnR-mEmGeJ2ByNQ
34,https://i.ytimg.com/vi/Xp28l5lac0Q/hq720.jpg?sqp=-oaymwEcCNAFEJQDSFXyq4qpAw4IARUAAIhCGAFwAcABBg==&rs=AOn4CLCZwfsuJUJPY23lIW5uzYkHw-2vjw
35,https://i.ytimg.com/vi/SWxgfCJbY9E/oar2.jpg?sqp=-oaymwEaCJUDENAFSFXyq4qpAwwIARUAAIhCcAHAAQY=&rs=AOn4CLBqEG5B2-KdtAwHDP74u0ZbaY71_g
36,https://i.ytimg.com/vi/vi_5iU_ZigU/oar2.jpg?sqp=-oaymwEaCJUDENAFSFXyq4qpAwwIARUAAIhCcAHAAQY=&rs=AOn4CLAZe-HkqbXLf1dmUOkqQzBUS73RMg
37,https://i.ytimg.com/vi/W2OiVGtMxyU/oar2.jpg?sqp=-oaymwEaCJUDENAFSFXyq4qpAwwIARUAAIhCcAHAAQY=&rs=AOn4CLBXhpj79nTQqnvR19h1saJBa1-tmA
38,https://i.ytimg.com/vi/QQSTJpCyhF4/oar2.jpg?sqp=-oaymwEaCJUDENAFSFXyq4qpAwwIARUAAIhCcAHAAQY=&rs=AOn4CLDR8ouf7-AsDl4KX7yC0uhARUV9dw
39,https://i.ytimg.com/vi/m-OTedP-zCE/hq720.jpg?sqp=-oaymwEcCNAFEJQDSFXyq4qpAw4IARUAAIhCGAFwAcABBg==&rs=AOn4CLCKKga7UvEANMHJe0mOugPzPQxr-g
40,https://i.ytimg.com/vi/SWxgfCJbY9E/oar2.jpg?sqp=-oaymwEaCJUDENAFSFXyq4qpAwwIARUAAIhCcAHAAQY=&rs=AOn4CLBqEG5B2-KdtAwHDP74u0ZbaY71_g
41,https://i.ytimg.com/vi/vi_5iU_ZigU/oar2.jpg?sqp=-oaymwEaCJUDENAFSFXyq4qpAwwIARUAAIhCcAHAAQY=&rs=AOn4CLAZe-HkqbXLf1dmUOkqQzBUS73RMg
42,https://i.ytimg.com/vi/W2OiVGtMxyU/oar2.jpg?sqp=-oaymwEaCJUDENAFSFXyq4qpAwwIARUAAIhCcAHAAQY=&rs=AOn4CLBXhpj79nTQqnvR19h1saJBa1-tmA
43,https://i.ytimg.com/vi/QQSTJpCyhF4/oar2.jpg?sqp=-oaymwEaCJUDENAFSFXyq4qpAwwIARUAAIhCcAHAAQY=&rs=AOn4CLDR8ouf7-AsDl4KX7yC0uhARUV9dw
44,https://i.ytimg.com/vi/yf_rYGEqQKY/hq720.jpg?sqp=-oaymwEcCNAFEJQDSFXyq4qpAw4IARUAAIhCGAFwAcABBg==&rs=AOn4CLBq0braut1P-PUFuyP98vXsJOW7PQ
45,https://i.ytimg.com/vi/TfYx3p5rzEk/hq720.jpg?sqp=-oaymwEcCNAFEJQDSFXyq4qpAw4IARUAAIhCGAFwAcABBg==&rs=AOn4CLBKKWSIBeS13R0cz7JWEZYj6YXAvw
46,https://i.ytimg.com/vi/yqyhzkhjCaY/hq720.jpg?sqp=-oaymwEcCNAFEJQDSFXyq4qpAw4IARUAAIhCGAFwAcABBg==&rs=AOn4CLDJN4ZeggKkETml8xC11aji6hD2TA
47,https://i.ytimg.com/vi/ObI_ddKumgE/hq720.jpg?sqp=-oaymwEcCNAFEJQDSFXyq4qpAw4IARUAAIhCGAFwAcABBg==&rs=AOn4CLAD0Yi6KhAgxYOVTze-YVI_Iw9vPQ
48,https://i.ytimg.com/vi/iwG5prETXsw/hq720.jpg?sqp=-oaymwEcCNAFEJQDSFXyq4qpAw4IARUAAIhCGAFwAcABBg==&rs=AOn4CLADA7yaCsJjUIeZ8MfJ3oGFIeB2mA
49,https://i.ytimg.com/vi/F5AMa1P-HXc/hq720.jpg?sqp=-oaymwEcCNAFEJQDSFXyq4qpAw4IARUAAIhCGAFwAcABBg==&rs=AOn4CLCB9gqDxWZym7yh3D1TpnYnO9bCoQ
50,https://i.ytimg.com/vi/W6AHOuvQ2eg/hq720.jpg?sqp=-oaymwEcCNAFEJQDSFXyq4qpAw4IARUAAIhCGAFwAcABBg==&rs=AOn4CLAsKLNeRusYmVi8bSYR8rzs7860jw
51,https://i.ytimg.com/vi/JEMhV3egu-U/hq720.jpg?sqp=-oaymwEcCNAFEJQDSFXyq4qpAw4IARUAAIhCGAFwAcABBg==&rs=AOn4CLDYDf2u5JE-OsIFantRKCRKdsSwuA
52,https://i.ytimg.com/vi/vfSy929ZDhA/hq720.jpg?sqp=-oaymwEcCNAFEJQDSFXyq4qpAw4IARUAAIhCGAFwAcABBg==&rs=AOn4CLCvYCc2qPbjQV3Vbncp1NU8rCgHpw
53,https://i.ytimg.com/vi/QB01Hos-l9k/hq720.jpg?sqp=-oaymwEcCNAFEJQDSFXyq4qpAw4IARUAAIhCGAFwAcABBg==&rs=AOn4CLBxjBLgptP0ItP0eaFwLerekm4Afw
54,https://i.ytimg.com/vi/fPjkT3MLem0/hq720.jpg?sqp=-oaymwEcCNAFEJQDSFXyq4qpAw4IARUAAIhCGAFwAcABBg==&rs=AOn4CLD3AFqnzNiJFqW_ucaDmTmjTFDwlA
55,https://i.ytimg.com/vi/YYw_sU4WxE8/hq720.jpg?sqp=-oaymwEcCNAFEJQDSFXyq4qpAw4IARUAAIhCGAFwAcABBg==&rs=AOn4CLC4EGTG-KyAETIwViBE0Dks5W8j_w
56,https://i.ytimg.com/vi/QBnqWevSMHs/hq720.jpg?sqp=-oaymwEcCNAFEJQDSFXyq4qpAw4IARUAAIhCGAFwAcABBg==&rs=AOn4CLCuNONU6aJvsJG9-Vhr98Wi3uAOwA
57,https://i.ytimg.com/vi/VDekX532La4/hq720.jpg?sqp=-oaymwEcCNAFEJQDSFXyq4qpAw4IARUAAIhCGAFwAcABBg==&rs=AOn4CLCAGwbc6oANiQEm7RBOzFMjWfMy4Q
58,https://i.ytimg.com/vi/plIAR3yXvS0/hq720.jpg?sqp=-oaymwEcCNAFEJQDSFXyq4qpAw4IARUAAIhCGAFwAcABBg==&rs=AOn4CLB4M-VXl5mDhs713wxKHvma2s6m5w
59,https://i.ytimg.com/vi/KB0gEtJPSro/hq720.jpg?sqp=-oaymwEcCNAFEJQDSFXyq4qpAw4IARUAAIhCGAFwAcABBg==&rs=AOn4CLByEI-DYUL6RUxPaEi4PvToC2ibEA
60,https://i.ytimg.com/vi/A2eBj1vvWFo/oar2.jpg?sqp=-oaymwEaCJUDENAFSFXyq4qpAwwIARUAAIhCcAHAAQY=&rs=AOn4CLAcE-jpZuWEX2lEOm3vZ81O8O-ejA
61,https://i.ytimg.com/vi/PerVZ1yktyE/oar2.jpg?sqp=-oaymwEaCJUDENAFSFXyq4qpAwwIARUAAIhCcAHAAQY=&rs=AOn4CLAjf4ZgUwinNESd29emgmeSPpQjFg
62,https://i.ytimg.com/vi/NGc-aEjPVL0/oar2.jpg?sqp=-oaymwEaCJUDENAFSFXyq4qpAwwIARUAAIhCcAHAAQY=&rs=AOn4CLAgLdhU5dY4dEhgdH1QOS5WE9aF9A
63,https://i.ytimg.com/vi/eFUky0kKp8E/oar2.jpg?sqp=-oaymwEaCJUDENAFSFXyq4qpAwwIARUAAIhCcAHAAQY=&rs=AOn4CLB8CxTxrAYz4FCZbogsd5kV4XjjMw
64,https://i.ytimg.com/vi/R0Y1ZgsTU7Y/hq720.jpg?sqp=-oaymwEcCNAFEJQDSFXyq4qpAw4IARUAAIhCGAFwAcABBg==&rs=AOn4CLDF7nSzzHWUunIrwWBl7hkmjDmfpA
65,https://i.ytimg.com/vi/bMTRjfNZb10/hq720.jpg?sqp=-oaymwEcCNAFEJQDSFXyq4qpAw4IARUAAIhCGAFwAcABBg==&rs=AOn4CLC8F9aOseHF983VLiBevdGyCHTdSg
66,https://i.ytimg.com/vi/A2eBj1vvWFo/oar2.jpg?sqp=-oaymwEaCJUDENAFSFXyq4qpAwwIARUAAIhCcAHAAQY=&rs=AOn4CLAcE-jpZuWEX2lEOm3vZ81O8O-ejA
67,https://i.ytimg.com/vi/PerVZ1yktyE/oar2.jpg?sqp=-oaymwEaCJUDENAFSFXyq4qpAwwIARUAAIhCcAHAAQY=&rs=AOn4CLAjf4ZgUwinNESd29emgmeSPpQjFg
68,https://i.ytimg.com/vi/NGc-aEjPVL0/oar2.jpg?sqp=-oaymwEaCJUDENAFSFXyq4qpAwwIARUAAIhCcAHAAQY=&rs=AOn4CLAgLdhU5dY4dEhgdH1QOS5WE9aF9A
69,https://i.ytimg.com/vi/eFUky0kKp8E/oar2.jpg?sqp=-oaymwEaCJUDENAFSFXyq4qpAwwIARUAAIhCcAHAAQY=&rs=AOn4CLB8CxTxrAYz4FCZbogsd5kV4XjjMw
70,https://i.ytimg.com/vi/4GICUZ2DB-Y/hq720.jpg?sqp=-oaymwEcCNAFEJQDSFXyq4qpAw4IARUAAIhCGAFwAcABBg==&rs=AOn4CLBvbjxZLeMYWi8Y2m_lHlbajBnaEA
71,https://i.ytimg.com/vi/ooKIN-MLjQ4/hq720.jpg?sqp=-oaymwEcCNAFEJQDSFXyq4qpAw4IARUAAIhCGAFwAcABBg==&rs=AOn4CLDFuBYzvLC3etWxgOlYqdpj3uSJGg
72,https://i.ytimg.com/vi/wpE-zHVvFB8/hq720.jpg?sqp=-oaymwEcCNAFEJQDSFXyq4qpAw4IARUAAIhCGAFwAcABBg==&rs=AOn4CLCmg16MuTyWnwX9NuyoJxOtw_PBkA
73,https://i.ytimg.com/vi/4Sfc7_5wgAc/hq720.jpg?sqp=-oaymwEcCNAFEJQDSFXyq4qpAw4IARUAAIhCGAFwAcABBg==&rs=AOn4CLALBs2T0sA5Hytxchjc9iutp1UhZw
74,https://i.ytimg.com/vi/oHGYZtvrhY4/hq720.jpg?sqp=-oaymwEcCNAFEJQDSFXyq4qpAw4IARUAAIhCGAFwAcABBg==&rs=AOn4CLABnx02MTcLoWyCe1AWlv-MfNOSwQ
75,https://i.ytimg.com/vi/DDppLcF0mU4/hq720.jpg?sqp=-oaymwEcCNAFEJQDSFXyq4qpAw4IARUAAIhCGAFwAcABBg==&rs=AOn4CLABUEHKeyIALZzpmXSKHi6JwuEj9w
76,https://i.ytimg.com/vi/zDnO9uQyJzE/hq720.jpg?sqp=-oaymwEcCNAFEJQDSFXyq4qpAw4IARUAAIhCGAFwAcABBg==&rs=AOn4CLCxzhyBf2fbTdESP95mWRvuwc1CYg
77,https://i.ytimg.com/vi/bH7RG8Cxg4k/hq720.jpg?sqp=-oaymwEcCNAFEJQDSFXyq4qpAw4IARUAAIhCGAFwAcABBg==&rs=AOn4CLBUje6AdtNIoJKqikn-G0hboNNoaQ
78,https://i.ytimg.com/vi/ZP6Gif6SPvo/hq720.jpg?sqp=-oaymwEcCNAFEJQDSFXyq4qpAw4IARUAAIhCGAFwAcABBg==&rs=AOn4CLAkHkN0_xY5hvKiwH3MQC5hdpLPLw
79,https://i.ytimg.com/vi/YD4yGX2caPM/hq720.jpg?sqp=-oaymwE2CNAFEJQDSFXyq4qpAygIARUAAIhCGAFwAcABBvABAfgB_gmAAtAFigIMCAAQARgkIGUoUzAP&rs=AOn4CLDTWPaca03m4H7uvNti_3WNG2cydg
80,https://i.ytimg.com/vi/TcrQP3vI_Ow/hq720.jpg?sqp=-oaymwEcCNAFEJQDSFXyq4qpAw4IARUAAIhCGAFwAcABBg==&rs=AOn4CLCiGlX6q3Sea1HBOCE812L_F0vDCQ
81,https://i.ytimg.com/vi/WIqe9vM4U34/hq720.jpg?sqp=-oaymwEcCNAFEJQDSFXyq4qpAw4IARUAAIhCGAFwAcABBg==&rs=AOn4CLDrUgVmrU9QjbblhTQPvB9BiO94RA
82,https://i.ytimg.com/vi/fsweqfxgi_Q/hq720.jpg?sqp=-oaymwEcCNAFEJQDSFXyq4qpAw4IARUAAIhCGAFwAcABBg==&rs=AOn4CLCdFLwOEyP_RLJuUTyroLFFJq25Xg
83,https://i.ytimg.com/vi/UQ-tteKEnVA/hq720.jpg?sqp=-oaymwEcCNAFEJQDSFXyq4qpAw4IARUAAIhCGAFwAcABBg==&rs=AOn4CLCRUSG-4i5J7XOEhP-Q-DFVDmF1EA
84,https://i.ytimg.com/vi/pAoLlKEeJ10/oar2.jpg?sqp=-oaymwEaCJUDENAFSFXyq4qpAwwIARUAAIhCcAHAAQY=&rs=AOn4CLCIyRzQpuDoWx137SIaa1rF2MaOiA
85,https://i.ytimg.com/vi/u5veD5vrYbI/oar2.jpg?sqp=-oaymwEaCJUDENAFSFXyq4qpAwwIARUAAIhCcAHAAQY=&rs=AOn4CLCPJvfwl8ssL41FwbQ6zsT1S34Nxg
86,https://i.ytimg.com/vi/HfNT-x9TjQg/oar2.jpg?sqp=-oaymwEaCJUDENAFSFXyq4qpAwwIARUAAIhCcAHAAQY=&rs=AOn4CLDs-M-AhCzkqUVEWRbu3cDAkcrJeg
87,https://i.ytimg.com/vi/dZ9pYW70ato/oar2.jpg?sqp=-oaymwEaCJUDENAFSFXyq4qpAwwIARUAAIhCcAHAAQY=&rs=AOn4CLBzQKBfJ8yK7do18eXijd_XC0v-Ng
88,https://i.ytimg.com/vi/0RXArrAZDj8/hq720.jpg?sqp=-oaymwEcCNAFEJQDSFXyq4qpAw4IARUAAIhCGAFwAcABBg==&rs=AOn4CLA00Y2vaURxv2saXRDsVKDnn_YBTw
89,https://i.ytimg.com/vi/Wbz3eElprAU/hq720.jpg?sqp=-oaymwEcCNAFEJQDSFXyq4qpAw4IARUAAIhCGAFwAcABBg==&rs=AOn4CLCEhGBMXOakcJ_qNFGuDmfC5iQhVw
90,https://i.ytimg.com/vi/pAoLlKEeJ10/oar2.jpg?sqp=-oaymwEaCJUDENAFSFXyq4qpAwwIARUAAIhCcAHAAQY=&rs=AOn4CLCIyRzQpuDoWx137SIaa1rF2MaOiA
91,https://i.ytimg.com/vi/u5veD5vrYbI/oar2.jpg?sqp=-oaymwEaCJUDENAFSFXyq4qpAwwIARUAAIhCcAHAAQY=&rs=AOn4CLCPJvfwl8ssL41FwbQ6zsT1S34Nxg
92,https://i.ytimg.com/vi/HfNT-x9TjQg/oar2.jpg?sqp=-oaymwEaCJUDENAFSFXyq4qpAwwIARUAAIhCcAHAAQY=&rs=AOn4CLDs-M-AhCzkqUVEWRbu3cDAkcrJeg
93,https://i.ytimg.com/vi/dZ9pYW70ato/oar2.jpg?sqp=-oaymwEaCJUDENAFSFXyq4qpAwwIARUAAIhCcAHAAQY=&rs=AOn4CLBzQKBfJ8yK7do18eXijd_XC0v-Ng
94,https://i.ytimg.com/vi/nbb7JAjgwWU/hq720.jpg?sqp=-oaymwEcCNAFEJQDSFXyq4qpAw4IARUAAIhCGAFwAcABBg==&rs=AOn4CLD9keXszwKDEx-AXgWFsDqZry4jMw
95,https://i.ytimg.com/vi/cL3BTUSvSGc/hq720.jpg?sqp=-oaymwEcCNAFEJQDSFXyq4qpAw4IARUAAIhCGAFwAcABBg==&rs=AOn4CLCOXW0yHV36eElSsdJYdHON8MgYaA
96,https://i.ytimg.com/vi/yUT2JzE2wHs/hq720.jpg?sqp=-oaymwEcCNAFEJQDSFXyq4qpAw4IARUAAIhCGAFwAcABBg==&rs=AOn4CLDtCDbV5kKC0ojdokhJJwHuIQ6mGA
97,https://i.ytimg.com/vi/fPjkT3MLem0/hq720.jpg?sqp=-oaymwEcCNAFEJQDSFXyq4qpAw4IARUAAIhCGAFwAcABBg==&rs=AOn4CLD3AFqnzNiJFqW_ucaDmTmjTFDwlA
98,https://i.ytimg.com/vi/ObI_ddKumgE/hq720.jpg?sqp=-oaymwEcCNAFEJQDSFXyq4qpAw4IARUAAIhCGAFwAcABBg==&rs=AOn4CLAD0Yi6KhAgxYOVTze-YVI_Iw9vPQ
99,https://i.ytimg.com/vi/NSNY8qDUKqw/hq720.jpg?sqp=-oaymwEcCNAFEJQDSFXyq4qpAw4IARUAAIhCGAFwAcABBg==&rs=AOn4CLAsIZJQ2eGqez8QRvNY83DPTYMjPA
100,https://i.ytimg.com/vi/JHTsyy9QTMs/hq720.jpg?sqp=-oaymwEcCNAFEJQDSFXyq4qpAw4IARUAAIhCGAFwAcABBg==&rs=AOn4CLD8r262h3VTKb4aIoMQKqU_CMTuTQ
101,https://i.ytimg.com/vi/DHovTQBCW5k/hq720.jpg?sqp=-oaymwEcCNAFEJQDSFXyq4qpAw4IARUAAIhCGAFwAcABBg==&rs=AOn4CLCIWTt9ZvFYLpb6LBiWzuxU--9PBw
102,https://i.ytimg.com/vi/6KYPsNmCkTw/oar2.jpg?sqp=-oaymwEaCJUDENAFSFXyq4qpAwwIARUAAIhCcAHAAQY=&rs=AOn4CLACXd_Tc1AiZk5IKDtTsi145WE_6w
103,https://i.ytimg.com/vi/HjGlM-WztP0/oar2.jpg?sqp=-oaymwEaCJUDENAFSFXyq4qpAwwIARUAAIhCcAHAAQY=&rs=AOn4CLBO4g7MrGZNpg6RvyYvPVbM5F_ZBw
104,https://i.ytimg.com/vi/XbfETbGdJMk/oar2.jpg?sqp=-oaymwEaCJUDENAFSFXyq4qpAwwIARUAAIhCcAHAAQY=&rs=AOn4CLCzKRHD0R_bWS1z_Tf0MyHOOWtiqA
105,https://i.ytimg.com/vi/hD5D0p6qQH0/oar2.jpg?sqp=-oaymwEaCJUDENAFSFXyq4qpAwwIARUAAIhCcAHAAQY=&rs=AOn4CLB74hJdLAwJrwc2siaOafpfSZbxEQ
106,https://i.ytimg.com/vi/6KYPsNmCkTw/oar2.jpg?sqp=-oaymwEaCJUDENAFSFXyq4qpAwwIARUAAIhCcAHAAQY=&rs=AOn4CLACXd_Tc1AiZk5IKDtTsi145WE_6w
107,https://i.ytimg.com/vi/HjGlM-WztP0/oar2.jpg?sqp=-oaymwEaCJUDENAFSFXyq4qpAwwIARUAAIhCcAHAAQY=&rs=AOn4CLBO4g7MrGZNpg6RvyYvPVbM5F_ZBw
108,https://i.ytimg.com/vi/XbfETbGdJMk/oar2.jpg?sqp=-oaymwEaCJUDENAFSFXyq4qpAwwIARUAAIhCcAHAAQY=&rs=AOn4CLCzKRHD0R_bWS1z_Tf0MyHOOWtiqA
109,https://i.ytimg.com/vi/hD5D0p6qQH0/oar2.jpg?sqp=-oaymwEaCJUDENAFSFXyq4qpAwwIARUAAIhCcAHAAQY=&rs=AOn4CLB74hJdLAwJrwc2siaOafpfSZbxEQ
110,https://i.ytimg.com/vi/eLmbs2RvVK8/hq720.jpg?sqp=-oaymwEcCNAFEJQDSFXyq4qpAw4IARUAAIhCGAFwAcABBg==&rs=AOn4CLCYHMfRQcOV40Twar1S9pBLqADYQA
111,https://i.ytimg.com/vi/xfl2Xh9hpgY/hq720.jpg?sqp=-oaymwEcCNAFEJQDSFXyq4qpAw4IARUAAIhCGAFwAcABBg==&rs=AOn4CLA1tDoVLr1RMoCkrZz--EQvt_Fnbg
112,https://i.ytimg.com/vi/iKTAbaxljxE/hq720.jpg?sqp=-oaymwEcCNAFEJQDSFXyq4qpAw4IARUAAIhCGAFwAcABBg==&rs=AOn4CLA_mBJnz2HPM0FKuH6MbGT0XTM2sw
113,https://i.ytimg.com/vi/c3BhkApfJac/hq720.jpg?sqp=-oaymwEcCNAFEJQDSFXyq4qpAw4IARUAAIhCGAFwAcABBg==&rs=AOn4CLDF1RK3bKX6zoeXPV3d-kEw0r4NYA
114,https://i.ytimg.com/vi/rGqstn0eD6c/hq720.jpg?sqp=-oaymwEcCNAFEJQDSFXyq4qpAw4IARUAAIhCGAFwAcABBg==&rs=AOn4CLAYyih2yNY2t6UbT2khQJ_DrbsTUw
115,https://i.ytimg.com/vi/4gfvkkMnjvA/hq720.jpg?sqp=-oaymwEcCNAFEJQDSFXyq4qpAw4IARUAAIhCGAFwAcABBg==&rs=AOn4CLBZ7WYA_fSLtv_iv4LafeZvEAWwkg
116,https://i.ytimg.com/vi/1ztrvDDkiKU/hq720.jpg?sqp=-oaymwEcCNAFEJQDSFXyq4qpAw4IARUAAIhCGAFwAcABBg==&rs=AOn4CLCQTfmbaBOtCMKJNHJIfwUtWpFHMg
117,https://i.ytimg.com/vi/zP2mIsDH5s4/hq720.jpg?sqp=-oaymwEcCNAFEJQDSFXyq4qpAw4IARUAAIhCGAFwAcABBg==&rs=AOn4CLAW48OAu8QAQ55YgjdQ8nlBBNKD7w
118,https://i.ytimg.com/vi/xNJ5G5LUdSM/hq720.jpg?sqp=-oaymwEcCNAFEJQDSFXyq4qpAw4IARUAAIhCGAFwAcABBg==&rs=AOn4CLBeRBRQY3fXsddXswGlTgubjDcrmQ
119,https://i.ytimg.com/vi/mI9m8FbIGGE/hq720.jpg?sqp=-oaymwEcCNAFEJQDSFXyq4qpAw4IARUAAIhCGAFwAcABBg==&rs=AOn4CLD-l2ravN1Y7Q77pnQs4Wzsowh4Aw
120,https://i.ytimg.com/vi/dz4Rx3qPz6E/hq720.jpg?sqp=-oaymwEcCNAFEJQDSFXyq4qpAw4IARUAAIhCGAFwAcABBg==&rs=AOn4CLA9Z1k7BekNyu1TPri4apcLas5e9g
121,https://i.ytimg.com/vi/JEMhV3egu-U/hq720.jpg?sqp=-oaymwEcCNAFEJQDSFXyq4qpAw4IARUAAIhCGAFwAcABBg==&rs=AOn4CLDYDf2u5JE-OsIFantRKCRKdsSwuA
122,https://i.ytimg.com/vi/JDIZU1huFts/hq720.jpg?sqp=-oaymwEcCNAFEJQDSFXyq4qpAw4IARUAAIhCGAFwAcABBg==&rs=AOn4CLAchg_415gHaLdhRH0UF6-k3s9Mkw
123,https://i.ytimg.com/vi/UwEQTxpE_Yo/hq720.jpg?sqp=-oaymwEcCNAFEJQDSFXyq4qpAw4IARUAAIhCGAFwAcABBg==&rs=AOn4CLCQLX5JAiLrmvA8-2vcCeL41xewuw
124,https://i.ytimg.com/vi/zKVpolm7u74/hq720.jpg?sqp=-oaymwEcCNAFEJQDSFXyq4qpAw4IARUAAIhCGAFwAcABBg==&rs=AOn4CLBU5pbWPho-G0HxDpN05iVrSeiGQA
125,https://i.ytimg.com/vi/DaEE2GcmAGw/hq720.jpg?sqp=-oaymwEcCNAFEJQDSFXyq4qpAw4IARUAAIhCGAFwAcABBg==&rs=AOn4CLDypP76G8p1dp2ecBarT6ShRPzhQg
126,https://i.ytimg.com/vi/b9tsJJUwMpg/hqdefault.jpg?sqp=-oaymwEcCOADEI4CSFXyq4qpAw4IARUAAIhCGAFwAcABBg==&rs=AOn4CLDTjg4A1FCCSvr0SB0i45HeOZbJjw
127,https://i.ytimg.com/vi/WYRmhKRZgHU/hq720.jpg?sqp=-oaymwEcCNAFEJQDSFXyq4qpAw4IARUAAIhCGAFwAcABBg==&rs=AOn4CLB_xQ9huTRD29fv3CkhSyVqZ1UWAA
128,https://i.ytimg.com/vi/fiWsDHlBbTA/hq720.jpg?sqp=-oaymwEcCNAFEJQDSFXyq4qpAw4IARUAAIhCGAFwAcABBg==&rs=AOn4CLB5pI7H5u5lfX4FMRsQYoNO6OuRRw
129,https://i.ytimg.com/vi/zCW-O6_LEz8/hq720.jpg?sqp=-oaymwEcCNAFEJQDSFXyq4qpAw4IARUAAIhCGAFwAcABBg==&rs=AOn4CLCRPz75Hhui8TG9ykHpulOv0h1PDA
130,https://i.ytimg.com/vi/NtdlkQjCeXQ/hq720.jpg?sqp=-oaymwEcCNAFEJQDSFXyq4qpAw4IARUAAIhCGAFwAcABBg==&rs=AOn4CLB0d0noehuvcj5_YvghmuJsUDz5tQ
131,https://i.ytimg.com/vi/BZiCw5BA890/hq720.jpg?sqp=-oaymwEcCNAFEJQDSFXyq4qpAw4IARUAAIhCGAFwAcABBg==&rs=AOn4CLAB7_loqNERxFitDBV9ZCmCe8hYdQ
132,https://i.ytimg.com/vi/zTTyedTDrnI/hq720.jpg?sqp=-oaymwEcCNAFEJQDSFXyq4qpAw4IARUAAIhCGAFwAcABBg==&rs=AOn4CLBv-D-PiGh61_GEP2XV9Rtq-cM3PQ
133,https://i.ytimg.com/vi/asTrm5mCmYU/hq720.jpg?sqp=-oaymwEcCNAFEJQDSFXyq4qpAw4IARUAAIhCGAFwAcABBg==&rs=AOn4CLAW0EuLzbRDOge-V_Oot4MCQZa1-A
134,https://i.ytimg.com/vi/7mBcO8foULU/hq720.jpg?sqp=-oaymwEcCNAFEJQDSFXyq4qpAw4IARUAAIhCGAFwAcABBg==&rs=AOn4CLALgm5W1-6PVJAGltK3tilk7Sy6PA
135,https://i.ytimg.com/vi/FwrMD2rm_b0/hq720.jpg?sqp=-oaymwEcCNAFEJQDSFXyq4qpAw4IARUAAIhCGAFwAcABBg==&rs=AOn4CLCtr7OBbz5t12ROosninbvyaBjsUQ
136,https://i.ytimg.com/vi/nyrZ8OQlXe4/hq720.jpg?sqp=-oaymwEcCNAFEJQDSFXyq4qpAw4IARUAAIhCGAFwAcABBg==&rs=AOn4CLD07I6MpHXuBfNya_pPkyMvo1IdfA
137,https://i.ytimg.com/vi/TzKcbWUycaI/hq720.jpg?sqp=-oaymwEcCNAFEJQDSFXyq4qpAw4IARUAAIhCGAFwAcABBg==&rs=AOn4CLBpdGyMr35r9fFNRIliNczgOzoY5w
138,https://i.ytimg.com/vi/SNAP8toVY60/hq720.jpg?sqp=-oaymwEcCNAFEJQDSFXyq4qpAw4IARUAAIhCGAFwAcABBg==&rs=AOn4CLCRCnHgx-T_MelLPi_D3VxR9o3NIg
139,https://i.ytimg.com/vi/ItUarEYTz9c/hq720.jpg?sqp=-oaymwEcCNAFEJQDSFXyq4qpAw4IARUAAIhCGAFwAcABBg==&rs=AOn4CLCBrjpyF89jFxc0L5r52QoOGmMtAQ
140,https://i.ytimg.com/vi/yZ2TVg0Mdfw/hq720.jpg?sqp=-oaymwEcCNAFEJQDSFXyq4qpAw4IARUAAIhCGAFwAcABBg==&rs=AOn4CLBDrpDLs2l3XJCcysTLcnsRIJ7aKw
141,https://i.ytimg.com/vi/9fGEEPXGAg0/hq720.jpg?sqp=-oaymwEcCNAFEJQDSFXyq4qpAw4IARUAAIhCGAFwAcABBg==&rs=AOn4CLDkHehRM7zz_MwzqQXU-OorEFB1WQ
142,https://i.ytimg.com/vi/3NQ0ZBsN_WU/hq720.jpg?sqp=-oaymwEcCNAFEJQDSFXyq4qpAw4IARUAAIhCGAFwAcABBg==&rs=AOn4CLDrbGd2MbODsu8t9VwsvBkHz-ePyg
143,https://i.ytimg.com/vi/NGOLKW--TaE/hq720.jpg?sqp=-oaymwEcCNAFEJQDSFXyq4qpAw4IARUAAIhCGAFwAcABBg==&rs=AOn4CLAk90H5sbymc5KAzU9eAWmd0xhJrw
144,https://i.ytimg.com/vi/2KJUtVkC3yA/hq720.jpg?sqp=-oaymwEcCNAFEJQDSFXyq4qpAw4IARUAAIhCGAFwAcABBg==&rs=AOn4CLAFdf6CAh3Jtdt8p1Ny3F_xYoFYxw
145,https://i.ytimg.com/vi/kGnUFk9KuUc/hq720.jpg?sqp=-oaymwEcCNAFEJQDSFXyq4qpAw4IARUAAIhCGAFwAcABBg==&rs=AOn4CLArzfVfIRly6uPUr0B44Sz5w1yJnw
146,https://i.ytimg.com/vi/sW9vzcf9YhY/hq720.jpg?sqp=-oaymwEcCNAFEJQDSFXyq4qpAw4IARUAAIhCGAFwAcABBg==&rs=AOn4CLAAT1TmlLhQqk-cj1DFSVRwqloztw
147,https://i.ytimg.com/vi/d5CvQgqC5cY/hq720.jpg?sqp=-oaymwEcCNAFEJQDSFXyq4qpAw4IARUAAIhCGAFwAcABBg==&rs=AOn4CLDo06WesEc5q6ubl4vRg105WpTGzw
148,https://i.ytimg.com/vi/6CAS59kwoiM/hq720.jpg?sqp=-oaymwEcCNAFEJQDSFXyq4qpAw4IARUAAIhCGAFwAcABBg==&rs=AOn4CLAyOvTvjx8gUehNCEUU6PwciJ9DLQ
149,https://i.ytimg.com/vi/cfMePbPZi5k/hq720.jpg?sqp=-oaymwEcCNAFEJQDSFXyq4qpAw4IARUAAIhCGAFwAcABBg==&rs=AOn4CLDof3my-ErgAq6tSwtLJp08gR58LA
150,https://i.ytimg.com/vi/KKBObaHkeGI/hq720.jpg?sqp=-oaymwEcCNAFEJQDSFXyq4qpAw4IARUAAIhCGAFwAcABBg==&rs=AOn4CLB-UII7JSgxyb29H08FEFgvLcOUGQ
151,https://i.ytimg.com/vi/KCLS-jHHF24/hq720.jpg?sqp=-oaymwEcCNAFEJQDSFXyq4qpAw4IARUAAIhCGAFwAcABBg==&rs=AOn4CLCTJM2ZNEhYWwFOzgsK6aHgJBxvEw
152,https://i.ytimg.com/vi/-96EBteyMqQ/hq720.jpg?sqp=-oaymwEcCNAFEJQDSFXyq4qpAw4IARUAAIhCGAFwAcABBg==&rs=AOn4CLAu_zcZdUbZIUlU59dUonOkOYu6mw
153,https://i.ytimg.com/vi/nsvYJQTFjmE/hq720.jpg?sqp=-oaymwEcCNAFEJQDSFXyq4qpAw4IARUAAIhCGAFwAcABBg==&rs=AOn4CLD5Rn7sKwZPXFZi2QkksxZussyxvw
154,https://i.ytimg.com/vi/08EXcUB5vlk/hq720.jpg?sqp=-oaymwEcCNAFEJQDSFXyq4qpAw4IARUAAIhCGAFwAcABBg==&rs=AOn4CLAjd-Rx-F85hH-rrYxvogvxT9YV_A
155,https://i.ytimg.com/vi/6Pj53yXeYy8/hq720.jpg?sqp=-oaymwEcCNAFEJQDSFXyq4qpAw4IARUAAIhCGAFwAcABBg==&rs=AOn4CLBKkAWtNs6AGZtBhs90sAjSrQG48g
156,https://i.ytimg.com/vi/Mp5IQak7QM0/hq720.jpg?sqp=-oaymwEcCNAFEJQDSFXyq4qpAw4IARUAAIhCGAFwAcABBg==&rs=AOn4CLDD2iMCBWordcOvqoXV8wz5IjM6fg
157,https://i.ytimg.com/vi/xzCzggN6JB8/hqdefault.jpg?sqp=-oaymwE2COADEI4CSFXyq4qpAygIARUAAIhCGAFwAcABBvABAfgB_gmAAtAFigIMCAAQARgVIFEofzAP&rs=AOn4CLBYX79GN3qId_rMR8rRblOLufEycA
158,https://i.ytimg.com/vi/NwNK0JpqYuY/hq720.jpg?sqp=-oaymwEcCNAFEJQDSFXyq4qpAw4IARUAAIhCGAFwAcABBg==&rs=AOn4CLD9XRiHkG9VefEzkB_tfFqW6KMMEw
159,https://i.ytimg.com/vi/F5AMa1P-HXc/hq720.jpg?sqp=-oaymwEcCNAFEJQDSFXyq4qpAw4IARUAAIhCGAFwAcABBg==&rs=AOn4CLCB9gqDxWZym7yh3D1TpnYnO9bCoQ
160,https://i.ytimg.com/vi/xYvwHQBQtXg/hq720.jpg?sqp=-oaymwEcCNAFEJQDSFXyq4qpAw4IARUAAIhCGAFwAcABBg==&rs=AOn4CLDPuTtoNap09emN26bRJ5NRctmb0Q
161,https://i.ytimg.com/vi/hsRXH1kNMts/hq720.jpg?sqp=-oaymwEcCNAFEJQDSFXyq4qpAw4IARUAAIhCGAFwAcABBg==&rs=AOn4CLCmr3hoKLUxONIFDz8RlWHmTr4frQ
162,https://i.ytimg.com/vi/R3duGyfaA1w/hq720.jpg?sqp=-oaymwEcCNAFEJQDSFXyq4qpAw4IARUAAIhCGAFwAcABBg==&rs=AOn4CLCr0hkFOOYd-RIPXqzBaftU1we5hg
163,https://i.ytimg.com/vi/04wTZVzCG8c/hq720.jpg?sqp=-oaymwEcCNAFEJQDSFXyq4qpAw4IARUAAIhCGAFwAcABBg==&rs=AOn4CLA6RAeDnqcfc9sb6INIpzLkyHLZ1A
164,https://i.ytimg.com/vi/gzLYXjGBb-U/hq720.jpg?sqp=-oaymwEcCNAFEJQDSFXyq4qpAw4IARUAAIhCGAFwAcABBg==&rs=AOn4CLBHAN_l63mUfMme6lvNfeVEVHr7Lg
165,https://i.ytimg.com/vi/OchWCge34T4/hq720.jpg?sqp=-oaymwEcCNAFEJQDSFXyq4qpAw4IARUAAIhCGAFwAcABBg==&rs=AOn4CLAXygPHkD1aqf5-UWrqQ8hiwJEKWw
166,https://i.ytimg.com/vi/FtK7jgWUjiI/hqdefault.jpg?sqp=-oaymwEcCOADEI4CSFXyq4qpAw4IARUAAIhCGAFwAcABBg==&rs=AOn4CLBDRQpB0J3x5mKoesgaWNAE6S_Wlw
167,https://i.ytimg.com/vi/PKvuUgrb6Fk/hq720.jpg?sqp=-oaymwEcCNAFEJQDSFXyq4qpAw4IARUAAIhCGAFwAcABBg==&rs=AOn4CLAo4KcS7ky0XRiSP9-2nzbPfkJKrw
168,https://i.ytimg.com/vi/QMntFPyvmqU/hq720.jpg?sqp=-oaymwEcCNAFEJQDSFXyq4qpAw4IARUAAIhCGAFwAcABBg==&rs=AOn4CLDqQFQZ8WBWEmd-hnG0enTBe9yIPw
169,https://i.ytimg.com/vi/LysA1OKA5Tk/hq720.jpg?sqp=-oaymwEcCNAFEJQDSFXyq4qpAw4IARUAAIhCGAFwAcABBg==&rs=AOn4CLBKWGgNiBshpkbsIgVUBttO4viRWg
170,https://i.ytimg.com/vi/1_iN4YONAvM/hq720.jpg?sqp=-oaymwE2CNAFEJQDSFXyq4qpAygIARUAAIhCGAFwAcABBvABAfgB_gmAAtAFigIMCAAQARhIIFAoZTAP&rs=AOn4CLCDtkY8EPBsKmArZiUXPnjsiYBLFw
171,https://i.ytimg.com/vi/GSfTRjAJL10/hq720.jpg?sqp=-oaymwEcCNAFEJQDSFXyq4qpAw4IARUAAIhCGAFwAcABBg==&rs=AOn4CLBYAR2qs9EIGHBpAT2KaYFjVL1EoQ
172,https://i.ytimg.com/vi/DLB4c83jPB0/hq720.jpg?sqp=-oaymwEcCNAFEJQDSFXyq4qpAw4IARUAAIhCGAFwAcABBg==&rs=AOn4CLDUB6g4wJkZAVG6OBYNigWEzp-v-A
173,https://i.ytimg.com/vi/WkUfS_Q04dw/hqdefault.jpg?sqp=-oaymwEcCOADEI4CSFXyq4qpAw4IARUAAIhCGAFwAcABBg==&rs=AOn4CLC5CdoDX9egu8ylGOZS_Rz1URReFQ
174,https://i.ytimg.com/vi/JXxjS00iVUE/hq720.jpg?sqp=-oaymwEcCNAFEJQDSFXyq4qpAw4IARUAAIhCGAFwAcABBg==&rs=AOn4CLDqDMpHNRpuUE4vgNx0OYwB1s4h3Q
175,https://i.ytimg.com/vi/kd2LZ1L1i4c/hq720.jpg?sqp=-oaymwE2CNAFEJQDSFXyq4qpAygIARUAAIhCGAFwAcABBvABAfgB_gmAAtAFigIMCAAQARgTIFQofzAP&rs=AOn4CLCtXlseqtmzduw3DueSgz8p7PrXYw
176,https://i.ytimg.com/vi/osW7cte8tV4/hq720.jpg?sqp=-oaymwEcCNAFEJQDSFXyq4qpAw4IARUAAIhCGAFwAcABBg==&rs=AOn4CLDzRUk1Vcg08issDGhCeyljmFgbeg
177,https://i.ytimg.com/vi/6KOKm62nKd0/hq720.jpg?sqp=-oaymwEcCNAFEJQDSFXyq4qpAw4IARUAAIhCGAFwAcABBg==&rs=AOn4CLCewYr8RsfYcH1zFc4UyLrWtfScFQ
178,https://i.ytimg.com/vi/xAVSFWaer_Q/hq720.jpg?sqp=-oaymwEcCNAFEJQDSFXyq4qpAw4IARUAAIhCGAFwAcABBg==&rs=AOn4CLCxgeVm0Q-MYIR93JDke5xSZc53cw
179,https://i.ytimg.com/vi/XLrEWmSd2a4/hq720.jpg?sqp=-oaymwEcCNAFEJQDSFXyq4qpAw4IARUAAIhCGAFwAcABBg==&rs=AOn4CLC_0-dQTQ_gMTmDSExxTjmiE0AyrQ
180,https://i.ytimg.com/vi/XWAYqNLIzz0/hq720.jpg?sqp=-oaymwEcCNAFEJQDSFXyq4qpAw4IARUAAIhCGAFwAcABBg==&rs=AOn4CLDn_1Y-tyitwEwqoNAveaXM9IlXcw
181,https://i.ytimg.com/vi/uPhPRdHLigA/hq720.jpg?sqp=-oaymwEcCNAFEJQDSFXyq4qpAw4IARUAAIhCGAFwAcABBg==&rs=AOn4CLCIPK023IrIxprBTtT0PIS_FKxr2w
182,https://i.ytimg.com/vi/66-gQYFjWjU/hq720.jpg?sqp=-oaymwEcCNAFEJQDSFXyq4qpAw4IARUAAIhCGAFwAcABBg==&rs=AOn4CLCsRw2hk2Kks3QpnCqwT-CaVeopFg
183,https://i.ytimg.com/vi/cq2d4bw5ElI/hq720.jpg?sqp=-oaymwEcCNAFEJQDSFXyq4qpAw4IARUAAIhCGAFwAcABBg==&rs=AOn4CLDtBzDoerNxwWhbauoP1h0aEXeJrg
184,https://i.ytimg.com/vi/b_I36PcP5mc/hq720.jpg?sqp=-oaymwEcCNAFEJQDSFXyq4qpAw4IARUAAIhCGAFwAcABBg==&rs=AOn4CLAwpOeoIVxyMlhlFykOas9WnTejOw
185,https://i.ytimg.com/vi/gnQcIfUp8Ao/hq720.jpg?sqp=-oaymwEcCNAFEJQDSFXyq4qpAw4IARUAAIhCGAFwAcABBg==&rs=AOn4CLCXq5AG3W3jffUPNXhZKaZnO_qD6g
186,https://i.ytimg.com/vi/e65I79f1HrU/hq720.jpg?sqp=-oaymwEcCNAFEJQDSFXyq4qpAw4IARUAAIhCGAFwAcABBg==&rs=AOn4CLBqTGBskyEUkWTNiOVgsUtPXPDrmw
187,https://i.ytimg.com/vi/Y38Z3Wlib80/hq720.jpg?sqp=-oaymwEcCNAFEJQDSFXyq4qpAw4IARUAAIhCGAFwAcABBg==&rs=AOn4CLC0Fq5DmOw3am3OVvFGB7H1ex2Pow
188,https://i.ytimg.com/vi/vXvsSSD7yzE/hqdefault.jpg?sqp=-oaymwE2COADEI4CSFXyq4qpAygIARUAAIhCGAFwAcABBvABAfgB1AaAAuADigIMCAAQARggIEgofzAP&rs=AOn4CLD37AefAHhXPysuB6W4P-Yi7L-Oow
189,https://i.ytimg.com/vi/0nhbUV0DNXw/hq720.jpg?sqp=-oaymwEcCNAFEJQDSFXyq4qpAw4IARUAAIhCGAFwAcABBg==&rs=AOn4CLDF3BnrJMjhk97Isx_kfRRh0iGxug
190,https://i.ytimg.com/vi/mQGAJ8zKm88/hq720.jpg?sqp=-oaymwEcCNAFEJQDSFXyq4qpAw4IARUAAIhCGAFwAcABBg==&rs=AOn4CLAjkNszZ70XJGygoIVSxLeh6k8AmQ
191,https://i.ytimg.com/vi/LTIuLoQsIXE/hq720.jpg?sqp=-oaymwEcCNAFEJQDSFXyq4qpAw4IARUAAIhCGAFwAcABBg==&rs=AOn4CLDELoKkmY_n-8eh3asIRY1Ga-4jJg
192,https://i.ytimg.com/vi/fyoZIWmpWzc/hq720.jpg?sqp=-oaymwEcCNAFEJQDSFXyq4qpAw4IARUAAIhCGAFwAcABBg==&rs=AOn4CLCmiz5WUPeBNu0HZFoSAgddVvuzvQ
193,https://i.ytimg.com/vi/TAYZykSmQ8Q/hq720.jpg?sqp=-oaymwEcCNAFEJQDSFXyq4qpAw4IARUAAIhCGAFwAcABBg==&rs=AOn4CLBE2M2Rlqss4ZDzxDFK0FnmL9cmTw
194,https://i.ytimg.com/vi/nfLLJdMnzQs/hq720.jpg?sqp=-oaymwEcCNAFEJQDSFXyq4qpAw4IARUAAIhCGAFwAcABBg==&rs=AOn4CLDeaUW4d9V8UruxEgVFEkgsf-Zirg
195,https://i.ytimg.com/vi/pi7rX5G7x48/hq720.jpg?sqp=-oaymwEcCNAFEJQDSFXyq4qpAw4IARUAAIhCGAFwAcABBg==&rs=AOn4CLDYO70ml072kvz4lT9JJ8_hC5tlpQ
196,https://i.ytimg.com/vi/JASL4W52Zpo/hq720.jpg?sqp=-oaymwEcCNAFEJQDSFXyq4qpAw4IARUAAIhCGAFwAcABBg==&rs=AOn4CLC55o2reKe3DvewG-lFYLLq8f-IAw
197,https://i.ytimg.com/vi/gVglBGRApoE/hq720.jpg?sqp=-oaymwEcCNAFEJQDSFXyq4qpAw4IARUAAIhCGAFwAcABBg==&rs=AOn4CLB_InnYt58r8Je8a2XBj8aMo2L7kg
198,https://i.ytimg.com/vi/8uFks3F7LmY/hq720.jpg?sqp=-oaymwEcCNAFEJQDSFXyq4qpAw4IARUAAIhCGAFwAcABBg==&rs=AOn4CLA-Rs3AX1ntrCu5QGl83QQ8IzWK6w
199,https://i.ytimg.com/vi/Ndk7Y4LLXvY/hq720.jpg?sqp=-oaymwEcCNAFEJQDSFXyq4qpAw4IARUAAIhCGAFwAcABBg==&rs=AOn4CLCQ21bK71IF6ELXc30ycQXy1V_pyw
200,https://i.ytimg.com/vi/CzhkXYdeh-c/hq720.jpg?sqp=-oaymwEcCNAFEJQDSFXyq4qpAw4IARUAAIhCGAFwAcABBg==&rs=AOn4CLDIMxnLUUhkk9DmvqEzSrBk38fmgw
201,https://i.ytimg.com/vi/tVjMBxBKSeo/hq720.jpg?sqp=-oaymwEcCNAFEJQDSFXyq4qpAw4IARUAAIhCGAFwAcABBg==&rs=AOn4CLBqTkIuVCW3nUYr2rUCANGuuy5ICg
202,https://i.ytimg.com/vi/ZbCwgZMqso8/hq720.jpg?sqp=-oaymwEcCNAFEJQDSFXyq4qpAw4IARUAAIhCGAFwAcABBg==&rs=AOn4CLDbkdE1rXupsEGMY-rChhy1JrHhIQ
203,https://i.ytimg.com/vi/UvZKEWs_mqo/hq720.jpg?sqp=-oaymwEcCNAFEJQDSFXyq4qpAw4IARUAAIhCGAFwAcABBg==&rs=AOn4CLCYaOkpTqoNM5cG0TRUR2JCneq2lQ
204,https://i.ytimg.com/vi/4hLHFl56ZA4/hq720.jpg?sqp=-oaymwEcCNAFEJQDSFXyq4qpAw4IARUAAIhCGAFwAcABBg==&rs=AOn4CLBD5mklVVe_tK7E509iuc_lfMmDWA
205,https://i.ytimg.com/vi/83nwteWchUA/hq720.jpg?sqp=-oaymwEcCNAFEJQDSFXyq4qpAw4IARUAAIhCGAFwAcABBg==&rs=AOn4CLA-U_BRWTqThv1ZtnFhhfgpgcRWzg
206,https://i.ytimg.com/vi/6AKWOhgEiTg/hq720.jpg?sqp=-oaymwEcCNAFEJQDSFXyq4qpAw4IARUAAIhCGAFwAcABBg==&rs=AOn4CLDSXMLQ3qVX2LaZ26ijPbmFWw4Odw
207,https://i.ytimg.com/vi/ItUarEYTz9c/hq720.jpg?sqp=-oaymwEcCNAFEJQDSFXyq4qpAw4IARUAAIhCGAFwAcABBg==&rs=AOn4CLCBrjpyF89jFxc0L5r52QoOGmMtAQ
208,https://i.ytimg.com/vi/osK006pOaAw/hq720.jpg?sqp=-oaymwE2CNAFEJQDSFXyq4qpAygIARUAAIhCGAFwAcABBvABAfgB_gmAAtAFigIMCAAQARgRIFwocjAP&rs=AOn4CLDHiZnkpJe64h-4u_yaNMLVBESc-g
209,https://i.ytimg.com/vi/hTu_CpY6a8A/hq720.jpg?sqp=-oaymwEcCNAFEJQDSFXyq4qpAw4IARUAAIhCGAFwAcABBg==&rs=AOn4CLC40xsLJDNKNAUMrB9H6iZOxJWTYQ
210,https://i.ytimg.com/vi/rGqstn0eD6c/hq720.jpg?sqp=-oaymwEcCNAFEJQDSFXyq4qpAw4IARUAAIhCGAFwAcABBg==&rs=AOn4CLAYyih2yNY2t6UbT2khQJ_DrbsTUw
211,https://i.ytimg.com/vi/-LpMNOmKy6M/hq720.jpg?sqp=-oaymwEcCNAFEJQDSFXyq4qpAw4IARUAAIhCGAFwAcABBg==&rs=AOn4CLC0nvFBiYCuZGUsvbl1KaiqQBUIEw
212,https://i.ytimg.com/vi/45MC_SpSsuo/hq720.jpg?sqp=-oaymwEcCNAFEJQDSFXyq4qpAw4IARUAAIhCGAFwAcABBg==&rs=AOn4CLBZCkQYQ9Ux9gQE3DdCEQ29Uit1Yw
213,https://i.ytimg.com/vi/ttDy6iIKjNE/hqdefault.jpg?sqp=-oaymwEcCOADEI4CSFXyq4qpAw4IARUAAIhCGAFwAcABBg==&rs=AOn4CLDW2iJlT-2sBaMvTjT-fGHlitYdSQ
214,https://i.ytimg.com/vi/TjUMIjQjCjI/hq720.jpg?sqp=-oaymwEcCNAFEJQDSFXyq4qpAw4IARUAAIhCGAFwAcABBg==&rs=AOn4CLC0VWeAQI9SFN563hJIza36mKwKvA
215,https://i.ytimg.com/vi/nG-isxu1Lm4/hq720.jpg?sqp=-oaymwE2CNAFEJQDSFXyq4qpAygIARUAAIhCGAFwAcABBvABAfgB_gmAAtAFigIMCAAQARhyIEUoPTAP&rs=AOn4CLApsGkh3ZonRjK9wUOgch4IjemMUg
216,https://i.ytimg.com/vi/9zlBRNK3OEw/hq720.jpg?sqp=-oaymwEcCNAFEJQDSFXyq4qpAw4IARUAAIhCGAFwAcABBg==&rs=AOn4CLDmM9XHKnMI-fp1mWDyzS6ikktSpw
217,https://i.ytimg.com/vi/mWASFFB8YFY/hq720.jpg?sqp=-oaymwEcCNAFEJQDSFXyq4qpAw4IARUAAIhCGAFwAcABBg==&rs=AOn4CLDnqPlQk-URbSpbkaOE2sk8ADjFbA
218,https://i.ytimg.com/vi/lgzVnQ10FfE/hq720.jpg?sqp=-oaymwEcCNAFEJQDSFXyq4qpAw4IARUAAIhCGAFwAcABBg==&rs=AOn4CLAcg-iumMxF-YlrQYpBytC37OmATg
219,https://i.ytimg.com/vi/cY131YQpCB4/hq720.jpg?sqp=-oaymwEcCNAFEJQDSFXyq4qpAw4IARUAAIhCGAFwAcABBg==&rs=AOn4CLAcrt4USMEGcIUDLOeeJ3Vq-QRoeA
220,https://i.ytimg.com/vi/3DRarE8_mTA/hq720.jpg?sqp=-oaymwEcCNAFEJQDSFXyq4qpAw4IARUAAIhCGAFwAcABBg==&rs=AOn4CLBk4J5J8JJdNaTA5xQ-pDH--kcSHg
221,https://i.ytimg.com/vi/sSl4uibIG8w/hq720.jpg?sqp=-oaymwEcCNAFEJQDSFXyq4qpAw4IARUAAIhCGAFwAcABBg==&rs=AOn4CLBnDOI9k2k1N1bCG8pzguiNOZMg7w
222,https://i.ytimg.com/vi/n5tHpbm3PD8/hq720.jpg?sqp=-oaymwEcCNAFEJQDSFXyq4qpAw4IARUAAIhCGAFwAcABBg==&rs=AOn4CLCRWtrpa8hNp3drnUEWFdpiXswHZQ
223,https://i.ytimg.com/vi/4ZiDlZ38MHI/hq720.jpg?sqp=-oaymwEcCNAFEJQDSFXyq4qpAw4IARUAAIhCGAFwAcABBg==&rs=AOn4CLDeIxSEIZgGn2Q4GJQ6iMYzvka3KA
224,https://i.ytimg.com/vi/nbb7JAjgwWU/hq720.jpg?sqp=-oaymwEcCNAFEJQDSFXyq4qpAw4IARUAAIhCGAFwAcABBg==&rs=AOn4CLD9keXszwKDEx-AXgWFsDqZry4jMw
225,https://i.ytimg.com/vi/CTpNdJHj03s/hq720.jpg?sqp=-oaymwEcCNAFEJQDSFXyq4qpAw4IARUAAIhCGAFwAcABBg==&rs=AOn4CLCLemAvtElm-JaWdeQ7iP6FP2vhlg
226,https://i.ytimg.com/vi/GX0rvW77dQ4/hq720.jpg?sqp=-oaymwEcCNAFEJQDSFXyq4qpAw4IARUAAIhCGAFwAcABBg==&rs=AOn4CLBJHpS0Km23LyvJ31Wuq9CgZDalKQ
227,https://i.ytimg.com/vi/T4ZvCtrQ4fI/hq720.jpg?sqp=-oaymwEcCNAFEJQDSFXyq4qpAw4IARUAAIhCGAFwAcABBg==&rs=AOn4CLCiWC2WBpkxXbY8k0cGJamJq26Fbw
228,https://i.ytimg.com/vi/RhWfHc3MATo/hq720.jpg?sqp=-oaymwEcCNAFEJQDSFXyq4qpAw4IARUAAIhCGAFwAcABBg==&rs=AOn4CLAe8MSV9RwpV9gEJ-fYlqHOKyITZw
229,https://i.ytimg.com/vi/N5svdzs8mMM/hq720.jpg?sqp=-oaymwEcCNAFEJQDSFXyq4qpAw4IARUAAIhCGAFwAcABBg==&rs=AOn4CLAEGn7niewJAS-ZeQUIfIXYTwCc3A
230,https://i.ytimg.com/vi/fNPz3ofFwtk/hq720.jpg?sqp=-oaymwEcCNAFEJQDSFXyq4qpAw4IARUAAIhCGAFwAcABBg==&rs=AOn4CLDfomGP4SrZYvBVV4UggKk6k6hvwA
231,https://i.ytimg.com/vi/ef8l9ye-7b8/hq720.jpg?sqp=-oaymwEcCNAFEJQDSFXyq4qpAw4IARUAAIhCGAFwAcABBg==&rs=AOn4CLAFcFXqmYlTABSTP-MklKfyzElmww
232,https://i.ytimg.com/vi/oV6fZAHWEZk/hq720.jpg?sqp=-oaymwEcCNAFEJQDSFXyq4qpAw4IARUAAIhCGAFwAcABBg==&rs=AOn4CLDuI_p-pVquw6v1iE_-_fF6DOyADA
233,https://i.ytimg.com/vi/GSF3OHqPmw4/hq720.jpg?sqp=-oaymwEcCNAFEJQDSFXyq4qpAw4IARUAAIhCGAFwAcABBg==&rs=AOn4CLBfolQ3necCtsJD8chotwtaX1a1xA
234,https://i.ytimg.com/vi/x5Ze3aHtfBM/hq720.jpg?sqp=-oaymwEcCNAFEJQDSFXyq4qpAw4IARUAAIhCGAFwAcABBg==&rs=AOn4CLBZaFhmPM1zmhUxpXgigVoN9kpvHA
235,https://i.ytimg.com/vi/7EfOrIS6Q8Q/hq720.jpg?sqp=-oaymwEcCNAFEJQDSFXyq4qpAw4IARUAAIhCGAFwAcABBg==&rs=AOn4CLAvyQ9NBl4eBwmsFrYkBHxVPu9gzQ
236,https://i.ytimg.com/vi/-mXR4COYYOQ/hq720.jpg?sqp=-oaymwEcCNAFEJQDSFXyq4qpAw4IARUAAIhCGAFwAcABBg==&rs=AOn4CLCkEISKQGrqRoOXoYr6XOohDQdzHQ
