,link
0,https://youtube.com/watch?v=hjhJhosrgqY&pp=ygUS7IiY66m07Jyg64-E7J2M7JWF
1,https://youtube.com/watch?v=DW5pgxVmxPc&pp=ygUS7IiY66m07Jyg64-E7J2M7JWF
2,https://youtube.com/watch?v=p2fxv3PAtLU&pp=ygUS7IiY66m07Jyg64-E7J2M7JWF
3,https://youtube.com/watch?v=vR6zIJEdm70&pp=ygUS7IiY66m07Jyg64-E7J2M7JWF
4,https://youtube.com/watch?v=fz8YQRpm8d0&pp=ygUS7IiY66m07Jyg64-E7J2M7JWF
5,https://youtube.com/watch?v=IGJ-SjyT2LE&pp=ygUS7IiY66m07Jyg64-E7J2M7JWF
6,https://youtube.com/watch?v=gYMvM7qitbY&pp=ygUS7IiY66m07Jyg64-E7J2M7JWF
7,https://youtube.com/watch?v=jF_Mq-aKUpc&pp=ygUS7IiY66m07Jyg64-E7J2M7JWF
8,https://youtube.com/watch?v=czeEZEyjUy4&pp=ygUS7IiY66m07Jyg64-E7J2M7JWF
9,https://youtube.com/watch?v=n9EmA6-j1EI&pp=ygUS7IiY66m07Jyg64-E7J2M7JWF
10,https://youtube.com/watch?v=AL0wgQBAzrM&pp=ygUS7IiY66m07Jyg64-E7J2M7JWF
11,https://youtube.com/watch?v=3L-pA0cfzV4&pp=ygUS7IiY66m07Jyg64-E7J2M7JWF
12,https://youtube.com/watch?v=LnJz8iVo6CA&pp=ygUS7IiY66m07Jyg64-E7J2M7JWF
13,https://youtube.com/watch?v=lQ0fS2meTYQ&pp=ygUS7IiY66m07Jyg64-E7J2M7JWF
14,https://youtube.com/watch?v=nsvYJQTFjmE&pp=ygUS7IiY66m07Jyg64-E7J2M7JWF
15,https://youtube.com/watch?v=R_cWamntgPw&pp=ygUS7IiY66m07Jyg64-E7J2M7JWF
16,https://youtube.com/watch?v=3lKLf3cX3sI&pp=ygUS7IiY66m07Jyg64-E7J2M7JWF
17,https://youtube.com/watch?v=Jdj2k6Hyl0A&pp=ygUS7IiY66m07Jyg64-E7J2M7JWF
18,https://youtube.com/watch?v=lnBPT2lgu_c&pp=ygUS7IiY66m07Jyg64-E7J2M7JWF
19,https://youtube.com/watch?v=sE3wXBvSulU&pp=ygUS7IiY66m07Jyg64-E7J2M7JWF
20,https://youtube.com/watch?v=bH7RG8Cxg4k&pp=ygUS7IiY66m07Jyg64-E7J2M7JWF
21,https://youtube.com/watch?v=xNJ5G5LUdSM&pp=ygUS7IiY66m07Jyg64-E7J2M7JWF
22,https://youtube.com/watch?v=roX5WVVYmb4&pp=ygUS7IiY66m07Jyg64-E7J2M7JWF
23,https://youtube.com/watch?v=ukRv3GTFEho&pp=ygUS7IiY66m07Jyg64-E7J2M7JWF
24,https://youtube.com/watch?v=Xp28l5lac0Q&pp=ygUS7IiY66m07Jyg64-E7J2M7JWF
25,https://youtube.com/watch?v=m-OTedP-zCE&pp=ygUS7IiY66m07Jyg64-E7J2M7JWF
26,https://youtube.com/watch?v=yf_rYGEqQKY&pp=ygUS7IiY66m07Jyg64-E7J2M7JWF
27,https://youtube.com/watch?v=TfYx3p5rzEk&pp=ygUS7IiY66m07Jyg64-E7J2M7JWF
28,https://youtube.com/watch?v=yqyhzkhjCaY&pp=ygUS7IiY66m07Jyg64-E7J2M7JWF
29,https://youtube.com/watch?v=ObI_ddKumgE&pp=ygUS7IiY66m07Jyg64-E7J2M7JWF
30,https://youtube.com/watch?v=iwG5prETXsw&pp=ygUS7IiY66m07Jyg64-E7J2M7JWF
31,https://youtube.com/watch?v=F5AMa1P-HXc&pp=ygUS7IiY66m07Jyg64-E7J2M7JWF
32,https://youtube.com/watch?v=d5CvQgqC5cY&pp=ygUS7IiY66m07Jyg64-E7J2M7JWF
33,https://youtube.com/watch?v=W6AHOuvQ2eg&pp=ygUS7IiY66m07Jyg64-E7J2M7JWF
34,https://youtube.com/watch?v=JEMhV3egu-U&pp=ygUS7IiY66m07Jyg64-E7J2M7JWF
35,https://youtube.com/watch?v=vfSy929ZDhA&pp=ygUS7IiY66m07Jyg64-E7J2M7JWF
36,https://youtube.com/watch?v=QB01Hos-l9k&pp=ygUS7IiY66m07Jyg64-E7J2M7JWF
37,https://youtube.com/watch?v=fPjkT3MLem0&pp=ygUS7IiY66m07Jyg64-E7J2M7JWF
38,https://youtube.com/watch?v=YYw_sU4WxE8&pp=ygUS7IiY66m07Jyg64-E7J2M7JWF
39,https://youtube.com/watch?v=QBnqWevSMHs&pp=ygUS7IiY66m07Jyg64-E7J2M7JWF
40,https://youtube.com/watch?v=VDekX532La4&pp=ygUS7IiY66m07Jyg64-E7J2M7JWF
41,https://youtube.com/watch?v=plIAR3yXvS0&pp=ygUS7IiY66m07Jyg64-E7J2M7JWF
42,https://youtube.com/watch?v=KB0gEtJPSro&pp=ygUS7IiY66m07Jyg64-E7J2M7JWF
43,https://youtube.com/watch?v=R0Y1ZgsTU7Y&pp=ygUS7IiY66m07Jyg64-E7J2M7JWF
44,https://youtube.com/watch?v=bMTRjfNZb10&pp=ygUS7IiY66m07Jyg64-E7J2M7JWF
45,https://youtube.com/watch?v=YCGC9Bmbmk8&pp=ygUS7IiY66m07Jyg64-E7J2M7JWF
46,https://youtube.com/watch?v=4GICUZ2DB-Y&pp=ygUS7IiY66m07Jyg64-E7J2M7JWF
47,https://youtube.com/watch?v=ooKIN-MLjQ4&pp=ygUS7IiY66m07Jyg64-E7J2M7JWF
48,https://youtube.com/watch?v=wpE-zHVvFB8&pp=ygUS7IiY66m07Jyg64-E7J2M7JWF
49,https://youtube.com/watch?v=4Sfc7_5wgAc&pp=ygUS7IiY66m07Jyg64-E7J2M7JWF
50,https://youtube.com/watch?v=oHGYZtvrhY4&pp=ygUS7IiY66m07Jyg64-E7J2M7JWF
51,https://youtube.com/watch?v=0h7ZT8YxqY0&pp=ygUS7IiY66m07Jyg64-E7J2M7JWF
52,https://youtube.com/watch?v=DDppLcF0mU4&pp=ygUS7IiY66m07Jyg64-E7J2M7JWF
53,https://youtube.com/watch?v=zDnO9uQyJzE&pp=ygUS7IiY66m07Jyg64-E7J2M7JWF
54,https://youtube.com/watch?v=bH7RG8Cxg4k&pp=ygUS7IiY66m07Jyg64-E7J2M7JWF
55,https://youtube.com/watch?v=ZP6Gif6SPvo&pp=ygUS7IiY66m07Jyg64-E7J2M7JWF
56,https://youtube.com/watch?v=YD4yGX2caPM&pp=ygUS7IiY66m07Jyg64-E7J2M7JWF
57,https://youtube.com/watch?v=TcrQP3vI_Ow&pp=ygUS7IiY66m07Jyg64-E7J2M7JWF
58,https://youtube.com/watch?v=WIqe9vM4U34&pp=ygUS7IiY66m07Jyg64-E7J2M7JWF
59,https://youtube.com/watch?v=fsweqfxgi_Q&pp=ygUS7IiY66m07Jyg64-E7J2M7JWF
60,https://youtube.com/watch?v=UQ-tteKEnVA&pp=ygUS7IiY66m07Jyg64-E7J2M7JWF
61,https://youtube.com/watch?v=5yaSfMWgQCs&pp=ygUS7IiY66m07Jyg64-E7J2M7JWF
62,https://youtube.com/watch?v=0RXArrAZDj8&pp=ygUS7IiY66m07Jyg64-E7J2M7JWF
63,https://youtube.com/watch?v=Wbz3eElprAU&pp=ygUS7IiY66m07Jyg64-E7J2M7JWF
64,https://youtube.com/watch?v=nbb7JAjgwWU&pp=ygUS7IiY66m07Jyg64-E7J2M7JWF
65,https://youtube.com/watch?v=cL3BTUSvSGc&pp=ygUS7IiY66m07Jyg64-E7J2M7JWF
66,https://youtube.com/watch?v=yUT2JzE2wHs&pp=ygUS7IiY66m07Jyg64-E7J2M7JWF
67,https://youtube.com/watch?v=fPjkT3MLem0&pp=ygUS7IiY66m07Jyg64-E7J2M7JWF
68,https://youtube.com/watch?v=ObI_ddKumgE&pp=ygUS7IiY66m07Jyg64-E7J2M7JWF
69,https://youtube.com/watch?v=NSNY8qDUKqw&pp=ygUS7IiY66m07Jyg64-E7J2M7JWF
70,https://youtube.com/watch?v=JHTsyy9QTMs&pp=ygUS7IiY66m07Jyg64-E7J2M7JWF
71,https://youtube.com/watch?v=DHovTQBCW5k&pp=ygUS7IiY66m07Jyg64-E7J2M7JWF
72,https://youtube.com/watch?v=UQ-tteKEnVA&pp=ygUS7IiY66m07Jyg64-E7J2M7JWF
73,https://youtube.com/watch?v=fsweqfxgi_Q&pp=ygUS7IiY66m07Jyg64-E7J2M7JWF
74,https://youtube.com/watch?v=eLmbs2RvVK8&pp=ygUS7IiY66m07Jyg64-E7J2M7JWF
75,https://youtube.com/watch?v=xfl2Xh9hpgY&pp=ygUS7IiY66m07Jyg64-E7J2M7JWF
76,https://youtube.com/watch?v=iKTAbaxljxE&pp=ygUS7IiY66m07Jyg64-E7J2M7JWF
77,https://youtube.com/watch?v=c3BhkApfJac&pp=ygUS7IiY66m07Jyg64-E7J2M7JWF
78,https://youtube.com/watch?v=rGqstn0eD6c&pp=ygUS7IiY66m07Jyg64-E7J2M7JWF
79,https://youtube.com/watch?v=4gfvkkMnjvA&pp=ygUS7IiY66m07Jyg64-E7J2M7JWF
80,https://youtube.com/watch?v=1ztrvDDkiKU&pp=ygUS7IiY66m07Jyg64-E7J2M7JWF
81,https://youtube.com/watch?v=zP2mIsDH5s4&pp=ygUS7IiY66m07Jyg64-E7J2M7JWF
82,https://youtube.com/watch?v=xNJ5G5LUdSM&pp=ygUS7IiY66m07Jyg64-E7J2M7JWF
83,https://youtube.com/watch?v=mI9m8FbIGGE&pp=ygUS7IiY66m07Jyg64-E7J2M7JWF
84,https://youtube.com/watch?v=dz4Rx3qPz6E&pp=ygUS7IiY66m07Jyg64-E7J2M7JWF
85,https://youtube.com/watch?v=JEMhV3egu-U&pp=ygUS7IiY66m07Jyg64-E7J2M7JWF
86,https://youtube.com/watch?v=JDIZU1huFts&pp=ygUS7IiY66m07Jyg64-E7J2M7JWF
87,https://youtube.com/watch?v=UwEQTxpE_Yo&pp=ygUS7IiY66m07Jyg64-E7J2M7JWF
88,https://youtube.com/watch?v=zKVpolm7u74&pp=ygUS7IiY66m07Jyg64-E7J2M7JWF
89,https://youtube.com/watch?v=DaEE2GcmAGw&pp=ygUS7IiY66m07Jyg64-E7J2M7JWF
90,https://youtube.com/watch?v=b9tsJJUwMpg&pp=ygUS7IiY66m07Jyg64-E7J2M7JWF
91,https://youtube.com/watch?v=WYRmhKRZgHU&pp=ygUS7IiY66m07Jyg64-E7J2M7JWF
92,https://youtube.com/watch?v=fiWsDHlBbTA&pp=ygUS7IiY66m07Jyg64-E7J2M7JWF
93,https://youtube.com/watch?v=zCW-O6_LEz8&pp=ygUS7IiY66m07Jyg64-E7J2M7JWF
94,https://youtube.com/watch?v=NtdlkQjCeXQ&pp=ygUS7IiY66m07Jyg64-E7J2M7JWF
95,https://youtube.com/watch?v=BZiCw5BA890&pp=ygUS7IiY66m07Jyg64-E7J2M7JWF
96,https://youtube.com/watch?v=zTTyedTDrnI&pp=ygUS7IiY66m07Jyg64-E7J2M7JWF
97,https://youtube.com/watch?v=asTrm5mCmYU&pp=ygUS7IiY66m07Jyg64-E7J2M7JWF
98,https://youtube.com/watch?v=7mBcO8foULU&pp=ygUS7IiY66m07Jyg64-E7J2M7JWF
99,https://youtube.com/watch?v=FwrMD2rm_b0&pp=ygUS7IiY66m07Jyg64-E7J2M7JWF
100,https://youtube.com/watch?v=nyrZ8OQlXe4&pp=ygUS7IiY66m07Jyg64-E7J2M7JWF
101,https://youtube.com/watch?v=TzKcbWUycaI&pp=ygUS7IiY66m07Jyg64-E7J2M7JWF
102,https://youtube.com/watch?v=SNAP8toVY60&pp=ygUS7IiY66m07Jyg64-E7J2M7JWF
103,https://youtube.com/watch?v=ItUarEYTz9c&pp=ygUS7IiY66m07Jyg64-E7J2M7JWF
104,https://youtube.com/watch?v=yZ2TVg0Mdfw&pp=ygUS7IiY66m07Jyg64-E7J2M7JWF
105,https://youtube.com/watch?v=9fGEEPXGAg0&pp=ygUS7IiY66m07Jyg64-E7J2M7JWF
106,https://youtube.com/watch?v=3NQ0ZBsN_WU&pp=ygUS7IiY66m07Jyg64-E7J2M7JWF
107,https://youtube.com/watch?v=NGOLKW--TaE&pp=ygUS7IiY66m07Jyg64-E7J2M7JWF
108,https://youtube.com/watch?v=2KJUtVkC3yA&pp=ygUS7IiY66m07Jyg64-E7J2M7JWF
109,https://youtube.com/watch?v=kGnUFk9KuUc&pp=ygUS7IiY66m07Jyg64-E7J2M7JWF
110,https://youtube.com/watch?v=sW9vzcf9YhY&pp=ygUS7IiY66m07Jyg64-E7J2M7JWF
111,https://youtube.com/watch?v=d5CvQgqC5cY&pp=ygUS7IiY66m07Jyg64-E7J2M7JWF
112,https://youtube.com/watch?v=6CAS59kwoiM&pp=ygUS7IiY66m07Jyg64-E7J2M7JWF
113,https://youtube.com/watch?v=cfMePbPZi5k&pp=ygUS7IiY66m07Jyg64-E7J2M7JWF
114,https://youtube.com/watch?v=KKBObaHkeGI&pp=ygUS7IiY66m07Jyg64-E7J2M7JWF
115,https://youtube.com/watch?v=KCLS-jHHF24&pp=ygUS7IiY66m07Jyg64-E7J2M7JWF
116,https://youtube.com/watch?v=-96EBteyMqQ&pp=ygUS7IiY66m07Jyg64-E7J2M7JWF
117,https://youtube.com/watch?v=nsvYJQTFjmE&pp=ygUS7IiY66m07Jyg64-E7J2M7JWF
118,https://youtube.com/watch?v=08EXcUB5vlk&pp=ygUS7IiY66m07Jyg64-E7J2M7JWF
119,https://youtube.com/watch?v=6Pj53yXeYy8&pp=ygUS7IiY66m07Jyg64-E7J2M7JWF
120,https://youtube.com/watch?v=Mp5IQak7QM0&pp=ygUS7IiY66m07Jyg64-E7J2M7JWF
121,https://youtube.com/watch?v=xzCzggN6JB8&pp=ygUS7IiY66m07Jyg64-E7J2M7JWF
122,https://youtube.com/watch?v=NwNK0JpqYuY&pp=ygUS7IiY66m07Jyg64-E7J2M7JWF
123,https://youtube.com/watch?v=F5AMa1P-HXc&pp=ygUS7IiY66m07Jyg64-E7J2M7JWF
124,https://youtube.com/watch?v=xYvwHQBQtXg&pp=ygUS7IiY66m07Jyg64-E7J2M7JWF
125,https://youtube.com/watch?v=hsRXH1kNMts&pp=ygUS7IiY66m07Jyg64-E7J2M7JWF
126,https://youtube.com/watch?v=R3duGyfaA1w&pp=ygUS7IiY66m07Jyg64-E7J2M7JWF
127,https://youtube.com/watch?v=04wTZVzCG8c&pp=ygUS7IiY66m07Jyg64-E7J2M7JWF
128,https://youtube.com/watch?v=gzLYXjGBb-U&pp=ygUS7IiY66m07Jyg64-E7J2M7JWF
129,https://youtube.com/watch?v=OchWCge34T4&pp=ygUS7IiY66m07Jyg64-E7J2M7JWF
130,https://youtube.com/watch?v=FtK7jgWUjiI&pp=ygUS7IiY66m07Jyg64-E7J2M7JWF
131,https://youtube.com/watch?v=PKvuUgrb6Fk&pp=ygUS7IiY66m07Jyg64-E7J2M7JWF
132,https://youtube.com/watch?v=QMntFPyvmqU&pp=ygUS7IiY66m07Jyg64-E7J2M7JWF
133,https://youtube.com/watch?v=LysA1OKA5Tk&pp=ygUS7IiY66m07Jyg64-E7J2M7JWF
134,https://youtube.com/watch?v=1_iN4YONAvM&pp=ygUS7IiY66m07Jyg64-E7J2M7JWF
135,https://youtube.com/watch?v=GSfTRjAJL10&pp=ygUS7IiY66m07Jyg64-E7J2M7JWF
136,https://youtube.com/watch?v=DLB4c83jPB0&pp=ygUS7IiY66m07Jyg64-E7J2M7JWF
137,https://youtube.com/watch?v=WkUfS_Q04dw&pp=ygUS7IiY66m07Jyg64-E7J2M7JWF
138,https://youtube.com/watch?v=JXxjS00iVUE&pp=ygUS7IiY66m07Jyg64-E7J2M7JWF
139,https://youtube.com/watch?v=kd2LZ1L1i4c&pp=ygUS7IiY66m07Jyg64-E7J2M7JWF
140,https://youtube.com/watch?v=osW7cte8tV4&pp=ygUS7IiY66m07Jyg64-E7J2M7JWF
141,https://youtube.com/watch?v=6KOKm62nKd0&pp=ygUS7IiY66m07Jyg64-E7J2M7JWF
142,https://youtube.com/watch?v=xAVSFWaer_Q&pp=ygUS7IiY66m07Jyg64-E7J2M7JWF
143,https://youtube.com/watch?v=XLrEWmSd2a4&pp=ygUS7IiY66m07Jyg64-E7J2M7JWF
144,https://youtube.com/watch?v=XWAYqNLIzz0&pp=ygUS7IiY66m07Jyg64-E7J2M7JWF
145,https://youtube.com/watch?v=uPhPRdHLigA&pp=ygUS7IiY66m07Jyg64-E7J2M7JWF
146,https://youtube.com/watch?v=66-gQYFjWjU&pp=ygUS7IiY66m07Jyg64-E7J2M7JWF
147,https://youtube.com/watch?v=cq2d4bw5ElI&pp=ygUS7IiY66m07Jyg64-E7J2M7JWF
148,https://youtube.com/watch?v=b_I36PcP5mc&pp=ygUS7IiY66m07Jyg64-E7J2M7JWF
149,https://youtube.com/watch?v=gnQcIfUp8Ao&pp=ygUS7IiY66m07Jyg64-E7J2M7JWF
150,https://youtube.com/watch?v=e65I79f1HrU&pp=ygUS7IiY66m07Jyg64-E7J2M7JWF
151,https://youtube.com/watch?v=Y38Z3Wlib80&pp=ygUS7IiY66m07Jyg64-E7J2M7JWF
152,https://youtube.com/watch?v=vXvsSSD7yzE&pp=ygUS7IiY66m07Jyg64-E7J2M7JWF
153,https://youtube.com/watch?v=0nhbUV0DNXw&pp=ygUS7IiY66m07Jyg64-E7J2M7JWF
154,https://youtube.com/watch?v=mQGAJ8zKm88&pp=ygUS7IiY66m07Jyg64-E7J2M7JWF
155,https://youtube.com/watch?v=LTIuLoQsIXE&pp=ygUS7IiY66m07Jyg64-E7J2M7JWF
156,https://youtube.com/watch?v=fyoZIWmpWzc&pp=ygUS7IiY66m07Jyg64-E7J2M7JWF
157,https://youtube.com/watch?v=TAYZykSmQ8Q&pp=ygUS7IiY66m07Jyg64-E7J2M7JWF
158,https://youtube.com/watch?v=nfLLJdMnzQs&pp=ygUS7IiY66m07Jyg64-E7J2M7JWF
159,https://youtube.com/watch?v=pi7rX5G7x48&pp=ygUS7IiY66m07Jyg64-E7J2M7JWF
160,https://youtube.com/watch?v=JASL4W52Zpo&pp=ygUS7IiY66m07Jyg64-E7J2M7JWF
161,https://youtube.com/watch?v=gVglBGRApoE&pp=ygUS7IiY66m07Jyg64-E7J2M7JWF
162,https://youtube.com/watch?v=8uFks3F7LmY&pp=ygUS7IiY66m07Jyg64-E7J2M7JWF
163,https://youtube.com/watch?v=Ndk7Y4LLXvY&pp=ygUS7IiY66m07Jyg64-E7J2M7JWF
164,https://youtube.com/watch?v=CzhkXYdeh-c&pp=ygUS7IiY66m07Jyg64-E7J2M7JWF
165,https://youtube.com/watch?v=tVjMBxBKSeo&pp=ygUS7IiY66m07Jyg64-E7J2M7JWF
166,https://youtube.com/watch?v=ZbCwgZMqso8&pp=ygUS7IiY66m07Jyg64-E7J2M7JWF
167,https://youtube.com/watch?v=UvZKEWs_mqo&pp=ygUS7IiY66m07Jyg64-E7J2M7JWF
168,https://youtube.com/watch?v=4hLHFl56ZA4&pp=ygUS7IiY66m07Jyg64-E7J2M7JWF
169,https://youtube.com/watch?v=ZfLs-YtxJdY&pp=ygUS7IiY66m07Jyg64-E7J2M7JWF
170,https://youtube.com/watch?v=83nwteWchUA&pp=ygUS7IiY66m07Jyg64-E7J2M7JWF
171,https://youtube.com/watch?v=6AKWOhgEiTg&pp=ygUS7IiY66m07Jyg64-E7J2M7JWF
172,https://youtube.com/watch?v=ItUarEYTz9c&pp=ygUS7IiY66m07Jyg64-E7J2M7JWF
173,https://youtube.com/watch?v=osK006pOaAw&pp=ygUS7IiY66m07Jyg64-E7J2M7JWF
174,https://youtube.com/watch?v=hTu_CpY6a8A&pp=ygUS7IiY66m07Jyg64-E7J2M7JWF
175,https://youtube.com/watch?v=rGqstn0eD6c&pp=ygUS7IiY66m07Jyg64-E7J2M7JWF
176,https://youtube.com/watch?v=-LpMNOmKy6M&pp=ygUS7IiY66m07Jyg64-E7J2M7JWF
177,https://youtube.com/watch?v=45MC_SpSsuo&pp=ygUS7IiY66m07Jyg64-E7J2M7JWF
178,https://youtube.com/watch?v=ttDy6iIKjNE&pp=ygUS7IiY66m07Jyg64-E7J2M7JWF
179,https://youtube.com/watch?v=TjUMIjQjCjI&pp=ygUS7IiY66m07Jyg64-E7J2M7JWF
180,https://youtube.com/watch?v=nG-isxu1Lm4&pp=ygUS7IiY66m07Jyg64-E7J2M7JWF
181,https://youtube.com/watch?v=9zlBRNK3OEw&pp=ygUS7IiY66m07Jyg64-E7J2M7JWF
182,https://youtube.com/watch?v=mWASFFB8YFY&pp=ygUS7IiY66m07Jyg64-E7J2M7JWF
183,https://youtube.com/watch?v=lgzVnQ10FfE&pp=ygUS7IiY66m07Jyg64-E7J2M7JWF
184,https://youtube.com/watch?v=cY131YQpCB4&pp=ygUS7IiY66m07Jyg64-E7J2M7JWF
185,https://youtube.com/watch?v=3DRarE8_mTA&pp=ygUS7IiY66m07Jyg64-E7J2M7JWF
186,https://youtube.com/watch?v=sSl4uibIG8w&pp=ygUS7IiY66m07Jyg64-E7J2M7JWF
187,https://youtube.com/watch?v=n5tHpbm3PD8&pp=ygUS7IiY66m07Jyg64-E7J2M7JWF
188,https://youtube.com/watch?v=4ZiDlZ38MHI&pp=ygUS7IiY66m07Jyg64-E7J2M7JWF
189,https://youtube.com/watch?v=nbb7JAjgwWU&pp=ygUS7IiY66m07Jyg64-E7J2M7JWF
190,https://youtube.com/watch?v=CTpNdJHj03s&pp=ygUS7IiY66m07Jyg64-E7J2M7JWF
191,https://youtube.com/watch?v=GX0rvW77dQ4&pp=ygUS7IiY66m07Jyg64-E7J2M7JWF
192,https://youtube.com/watch?v=T4ZvCtrQ4fI&pp=ygUS7IiY66m07Jyg64-E7J2M7JWF
193,https://youtube.com/watch?v=RhWfHc3MATo&pp=ygUS7IiY66m07Jyg64-E7J2M7JWF
194,https://youtube.com/watch?v=N5svdzs8mMM&pp=ygUS7IiY66m07Jyg64-E7J2M7JWF
195,https://youtube.com/watch?v=fNPz3ofFwtk&pp=ygUS7IiY66m07Jyg64-E7J2M7JWF
196,https://youtube.com/watch?v=ef8l9ye-7b8&pp=ygUS7IiY66m07Jyg64-E7J2M7JWF
197,https://youtube.com/watch?v=oV6fZAHWEZk&pp=ygUS7IiY66m07Jyg64-E7J2M7JWF
198,https://youtube.com/watch?v=GSF3OHqPmw4&pp=ygUS7IiY66m07Jyg64-E7J2M7JWF
199,https://youtube.com/watch?v=x5Ze3aHtfBM&pp=ygUS7IiY66m07Jyg64-E7J2M7JWF
200,https://youtube.com/watch?v=7EfOrIS6Q8Q&pp=ygUS7IiY66m07Jyg64-E7J2M7JWF
201,https://youtube.com/watch?v=-mXR4COYYOQ&pp=ygUS7IiY66m07Jyg64-E7J2M7JWF
202,https://youtube.com/watch?v=o651t9g5x14&pp=ygUS7IiY66m07Jyg64-E7J2M7JWF
203,https://youtube.com/watch?v=6wC2KjHg6VI&pp=ygUS7IiY66m07Jyg64-E7J2M7JWF
204,https://youtube.com/watch?v=4_X8taOamZQ&pp=ygUS7IiY66m07Jyg64-E7J2M7JWF
205,https://youtube.com/watch?v=elqBHjompOo&pp=ygUS7IiY66m07Jyg64-E7J2M7JWF
206,https://youtube.com/watch?v=BR4WG1XlLZw&pp=ygUS7IiY66m07Jyg64-E7J2M7JWF
207,https://youtube.com/watch?v=iHCCwk3CV70&pp=ygUS7IiY66m07Jyg64-E7J2M7JWF
208,https://youtube.com/watch?v=gBunHIuh-mE&pp=ygUS7IiY66m07Jyg64-E7J2M7JWF
209,https://youtube.com/watch?v=MlfTjaaJ-tQ&pp=ygUS7IiY66m07Jyg64-E7J2M7JWF
210,https://youtube.com/watch?v=lQ0fS2meTYQ&pp=ygUS7IiY66m07Jyg64-E7J2M7JWF
211,https://youtube.com/watch?v=97dLGRgeAwA&pp=ygUS7IiY66m07Jyg64-E7J2M7JWF
212,https://youtube.com/watch?v=R_rSu8y0f_Q&pp=ygUS7IiY66m07Jyg64-E7J2M7JWF
213,https://youtube.com/watch?v=OvMXwN_Kke8&pp=ygUS7IiY66m07Jyg64-E7J2M7JWF
214,https://youtube.com/watch?v=_08BO6bQInI&pp=ygUS7IiY66m07Jyg64-E7J2M7JWF
215,https://youtube.com/watch?v=jZJOa_L0yNQ&pp=ygUS7IiY66m07Jyg64-E7J2M7JWF
216,https://youtube.com/watch?v=7IPaQoQyvRc&pp=ygUS7IiY66m07Jyg64-E7J2M7JWF
217,https://youtube.com/watch?v=YqvHUsmJunk&pp=ygUS7IiY66m07Jyg64-E7J2M7JWF
218,https://youtube.com/watch?v=du17m1rk-48&pp=ygUS7IiY66m07Jyg64-E7J2M7JWF
219,https://youtube.com/watch?v=aIZD_EKgvjE&pp=ygUS7IiY66m07Jyg64-E7J2M7JWF
220,https://youtube.com/watch?v=qeq2BnL6lUE&pp=ygUS7IiY66m07Jyg64-E7J2M7JWF
221,https://youtube.com/watch?v=7UDe1PRB8Ss&pp=ygUS7IiY66m07Jyg64-E7J2M7JWF
222,https://youtube.com/watch?v=LFgNeqVz7HA&pp=ygUS7IiY66m07Jyg64-E7J2M7JWF
223,https://youtube.com/watch?v=GlXgVR0nTDU&pp=ygUS7IiY66m07Jyg64-E7J2M7JWF
224,https://youtube.com/watch?v=11xX280eO7w&pp=ygUS7IiY66m07Jyg64-E7J2M7JWF
225,https://youtube.com/watch?v=zJIV16O7GUM&pp=ygUS7IiY66m07Jyg64-E7J2M7JWF
226,https://youtube.com/watch?v=nLT1HeihZ6M&pp=ygUS7IiY66m07Jyg64-E7J2M7JWF
227,https://youtube.com/watch?v=te2NUIScxfw&pp=ygUS7IiY66m07Jyg64-E7J2M7JWF
228,https://youtube.com/watch?v=9INqDIa95fE&pp=ygUS7IiY66m07Jyg64-E7J2M7JWF
229,https://youtube.com/watch?v=PF9L0lucCeY&pp=ygUS7IiY66m07Jyg64-E7J2M7JWF
230,https://youtube.com/watch?v=5EnZZGGxU-g&pp=ygUS7IiY66m07Jyg64-E7J2M7JWF
231,https://youtube.com/watch?v=LmxBwGqCn2g&pp=ygUS7IiY66m07Jyg64-E7J2M7JWF
232,https://youtube.com/watch?v=ZefQ69j8Cfg&pp=ygUS7IiY66m07Jyg64-E7J2M7JWF
233,https://youtube.com/watch?v=muBW7JsUi7k&pp=ygUS7IiY66m07Jyg64-E7J2M7JWF
234,https://youtube.com/watch?v=b9tsJJUwMpg&pp=ygUS7IiY66m07Jyg64-E7J2M7JWF
235,https://youtube.com/watch?v=7CT-NZt7q94&pp=ygUS7IiY66m07Jyg64-E7J2M7JWF
236,https://youtube.com/watch?v=WWG8nZgJ1IU&pp=ygUS7IiY66m07Jyg64-E7J2M7JWF
