,title
0,5분만 들으면 바로 깊은 잠에 들어갑니다 | 잠들때 듣는 음악 | 잠오는 음악 | 수면 유도 음악 | 수면음악 | 잠잘 때 듣기 좋은 노래 힐링음악 명상음악
1,🌙듣자마자 스르르 눈을 감겨줄 수면유도음악 -5분후 화면 꺼짐 -잠 잘때 듣기 좋은 음악
2,"10시간 잔잔한 수면음악 🎵 스트레스 해소음악, 잠잘때 듣는 음악, 불면증치료음악, 수면유도음악 (My Dream)"
3,세상에서 제일 아름다운 바이올린 명곡 │클래식 명곡 베스트
4,🌙듣자마자 기절 시켜드리는 수면유도음악 -5분후 화면 꺼짐 -잠 잘때 듣기 좋은 음악
5,🌙듣자마자 스르르 눈이 감겨요 수면유도음악 -5분후 화면 꺼짐--잠 잘때 듣기 좋은 음악
6,🌙듣자마자 깊은 숙면 할수있는 수면유도음악 -5분후 화면 꺼짐 -잠 잘때 듣기 좋은 음악
7,"""힘든 하루를 보낸 너에게.."" 마음을 위로하는 수면음악"
8,듣자마자 떡실신하는 수면유도음악│7시간 연속│중간광고없음│잠안올때 듣는 음악│잠잘때 듣는 음악│수면교육연구소
9,SLEEP MUSIC 😴 - 10분안에 마취시켜주는 수면유도음악 | 잠잘때 듣는 음악 |
10,클래식 명곡 베스트 17곡 | 아침에 들으면 좋은 클래식명곡 연속듣기 최고의 클래식 명곡 연속듣기- 바이올린 악보
11,"일상의 고민 없이 1초 만에 잠들 수 있도록 도와줍니다🎵 불면증해소음악,잠잘오는 음악,잔잔한 수면음악,스트레스 해소음악"
12,"편안하고, 잠자고, 생각을 멈추고, 스트레스 해소를 위한 빗소리와 함께하는 부드러운 피아노 재즈 음악 🎹"
13,"불면증에 좋은 최고의 빗소리 10분이내 수면 백색소음 자장가 ASMR | Rain Sounds For Sleeping, White Noise"
14,"10시간 포근한 수면음악 🎵 마음이 편안해지는 음악, 불면증치료음악, 잠잘오는음악, 수면유도음악 (Lavender)"
15,🌙10분이면 스르르 눈이 감겨요 수면유도음악 -5분후 화면 꺼짐 -잠 잘때 듣기 좋은 음악
16,듣자마자 떡실신하는 수면유도음악│7시간 연속│중간광고없음│잠안올때 듣는 음악│잠잘때 듣는 음악│수면교육연구소 힐링음악 명상음악
17,[수면유도음악] 노르웨이 장작소리 🌲 I 절대 끝까지 못 듣는 장작소리🔥 I 떡실신 10분컷 I 듣자마자떡실신하는수면유도음악 I 수면호텔 🔥 #노르웨이장작소리 #수면교육연구소
18,5분만 들으면 바로 깊은 잠에 들어갑니다 | 잠들때 듣는 음악 | 잠오는 음악 | 수면 유도 음악 | 수면음악 | 잠잘 때 듣기 좋은 노래 힐링음악 명상음악
19,🌙들으면 스르르 꿀잠 잘수있는 수면유도음악 -5분후 화면 꺼짐 -잠 잘때 듣기 좋은 음악
20,5분만 들으면 바로 깊은 잠에 들어갑니다 | 잠들때 듣는 음악 | 잠오는 음악 | 수면 유도 음악 | 수면음악 | 잠잘 때 듣기 좋은 노래 힐링음악 명상음악
21,5분만 들으면 바로 깊은 잠에 들어갑니다 | 잠들때 듣는 음악 | 잠오는 음악 | 수면 유도 음악 | 수면음악 | 잠잘 때 듣기 좋은 노래 힐링음악 명상음악
22,"""지친 하루를 보낸 너에게.."" 마음을 위로하는 수면음악"
23,5분만 들으면 바로 깊은 잠에 들어갑니다 | 잠들때 듣는 음악 | 잠오는 음악 | 수면 유도 음악 | 수면음악 | 잠잘 때 듣기 좋은 노래 힐링음악
24,5분만 들으면 바로 깊은 잠에 들어갑니다 | 잠들때 듣는 음악 | 잠오는 음악 | 수면 유도 음악 | 수면음악 | 잠잘 때 듣기 좋은 노래 힐링음악 명상음악
25,"10시간 잔잔한 수면음악 🎵 스트레스 해소음악, 잠잘때 듣는 음악, 불면증치료음악, 수면유도음악 ,잘때듣기좋은노래"
26,5분만 들으면 바로 깊은 잠에 들어갑니다 | 잠들때 듣는 음악 | 잠오는 음악 | 수면 유도 음악 | 수면음악 | 잠잘 때 듣기 좋은 노래 힐링음악 명상음악
27,10분안에 마취시켜주는 잠잘때 듣는 음악 | 수면유도음악 | 잠 잘때 듣기 좋은 음악🌙
28,"""내일은 더 좋아질거야"" 널 위한 수면음악"
29,5분만 들으면 바로 깊은 잠에 들어갑니다 | 잠들때 듣는 음악 | 잠오는 음악 | 수면 유도 음악 | 수면음악 | 잠잘 때 듣기 좋은 노래
30,30분안에 깊은 수면가능 음악! 수면음악 30분! 잠잘때 듣는 음악 | 수면유도음악
31,🌙듣자마자 꿀잠 잘수있어요 수면유도음악 -5분후 화면 꺼짐 -잠 잘때 듣기 좋은 음악
32,클래식 명곡 베스트 100 광고없음  마음을 편하게 해주는 아름다운 클래식 피아노
33,강아지를 위한 수면음악🐶스트레스 해소와 심리안정을 위한 음악🎵혼자있는 강아지를 위한 음악
34,🌙듣자마자 바로 기절 할수있어요 수면유도음악 -5분후 화면 꺼짐 -잠 잘때 듣기 좋은 음악
35,🌙들으면 기절할수있어요 수면유도음악 -5분후 화면 꺼짐 -잠 잘때 듣기 좋은 음악
36,"10분안에 잠드는 꿀잠 수면음악 | 잠잘때 듣는 음악,불면증 치료 음악,수면유도음악"
37,10분안에 마취시켜주는 수면유도음악! 숙면을 위한 음악 | 수면음악 | 잠잘때 듣는 음악
38,🌙들으면 스르르 잠들수 있는 수면유도음악 -5분후 화면 꺼짐 -잠 잘때 듣기 좋은 음악
39,"좋은 꿈 꾸세요...! 💤 잠안올때 듣는 음악, 불면증 치료 음악, 수면유도음악"
40,"포근한 수면음악 🎵 빗소리, 잠잘때 듣는 음악, 수면유도음악, 스트레스 해소음악, 휴식음악"
41,마음이 차분해지는 힐링음악 🎵 잠잘때듣는음악 | 수면유도음악 | 수면명상음악 | 휴식할때 듣는 음악
42,"커피 한잔이 주는 가을의 여유 🎶 포근한 수면음악 ,잠잘때 듣는 음악, 수면유도음악, 명상음악"
43,5분만 들으면 바로 깊은 잠에 들어갑니다 | 잠들때 듣는 음악 | 잠오는 음악 | 수면 유도 음악 | 수면음악 | 잠잘 때 듣기 좋은 노래 힐링음악 명상음악
44,효과 빠른 수면 유도 & 수면의 질 개선 숙면가이드! 잠잘때 듣는 음악 | 수면유도음악
45,"10시간 수면유도음악 ""힐링되는 시간"" 🎵 빗소리, 힐링음악, 스트레스해소음악 (Healing Time)"
46,🌙듣자마자 스르르 눈이 감겨지는 수면유도음악 -5분후 화면 꺼짐 -잠 잘때 듣기 좋은 음악
47,5분만 들으면 바로 깊은 잠에 들어갑니다 | 잠들때 듣는 음악 | 잠오는 음악 | 수면 유도 음악 | 수면음악 | 잠잘 때 듣기 좋은 노래 힐링음악 명상음악
48,당신의 밤을 위한 편안한 수면음악☁잠잘때 듣는음악ㅣ불면증에 좋은 수면 유도음악
49,🌙들으면 스르르 숙면 하는 수면유도음악 -5분후 화면 꺼짐 -잠 잘때 듣기 좋은 음악
50,"10시간 잔잔한 수면유도음악 + 풀벌레소리 🎵 스트레스해소음악, 잠오는음악, 불면증음악 (Quiet Night)"
51,😴💤 깸 없이 푹~ 주무세요. 근본적인 숙면을 돕는 취침 전 15분의 비움 연습 - 세계 최초 영국 OMF와 공동개발 중인 마음챙김 불면증 인지치료의 일부 내용 [제이의 PICK]
52,"""좋은 꿈 꿔요!"" 행복한 꿈을 위한 수면음악"
53,"""오늘도 수고했어, 잘자!"" 당신을 위로하는 수면음악"
54,5분만 들으면 바로 깊은 잠에 들어갑니다 | 잠들때 듣는 음악 | 잠오는 음악 | 수면 유도 음악 | 수면음악 | 잠잘 때 듣기 좋은 노래 힐링음악 명상음악
55,"10시간 꿈나라로 여행하는 수면유도음악  🎵 스트레스해소음악, 마음이 편안해지는 음악, 힐링음악 (Dream World)"
56,듣자마자 떡실신하는 수면유도음악! 불면증 음악 | 잠잘때 듣는 음악
57,5분만 들으면 바로 깊은 잠에 들어갑니다 | 잠들때 듣는 음악 | 잠오는 음악 | 수면 유도 음악 | 수면음악 | 잠잘 때 듣기 좋은 노래 힐링음악 명상음악
58,10분안에 마취시켜주는 수면유도음악 | 잠잘때 듣는 음악
59,불면증 환자도 떡실신하는 수면유도음악! 잠오는 음악 | 잠잘때 듣는 음악
60,🌙들으면 바로 잠들수 있어요 수면유도음악 -5분후 화면 꺼짐 -잠 잘때 듣기 좋은 음악
61,듣자마자 떡실신하는 수면유도음악│7시간 연속│중간광고없음│잠안올때 듣는 음악│잠잘때 듣는 음악│수면교육연구소 힐링음악 명상음악
62,5분후 화면 꺼짐 잠 | 잘때 듣는 음악 | 수면 유도 음악 | 잠오는음악
63,깊은 수면을 위한 편안한 음악☁잔잔한 수면 유도음악
64,8시간 포근한 편안해지는 음악 | 불면증치료음악
65,"10시간 감미로운 수면음악 + 빗소리 🎵 수면유도음악, 잠오는음악, 불면증 (My Wish)"
66,"불면증 개박살내는 수면유도음악🎵 스트레스 해소음악, 잠잘때 듣는 음악, 불면증치료음악, 수면유도음악 (파도소리)"
67,10분안에 마취시켜주는 수면유도음악! 숙면을 위한 음악 | 수면음악 | 잠잘때 듣는 음악
68,5분만 들으면 바로 깊은 잠에 들어갑니다 | 잠들때 듣는 음악 | 잠오는 음악 | 수면 유도 음악 | 수면음악 | 잠잘 때 듣기 좋은 노래
69,🧠💤 최상의 숙면을 경험하세요. 깸 없는 깊은 잠을 돕는 수면단계별 뇌파 동조화 수면 사운드 - 90분 수면사이클 버전 & 기상알람 2회 (연구 논문 기반)
70,10분안에 마취시켜주는 수면유도음악! 힐링음악 피아노! 잠잘오는음악
71,🌙듣자마자 꿀잠 잘수 있는 수면유도음악 -5분후 화면 꺼짐 -잠 잘때 듣기 좋은 음악
72,🌙들으면 바로 잠들수 있어요 수면유도음악 -5분후 화면 꺼짐 -잠 잘때 듣기 좋은 음악
73,불면증 환자도 떡실신하는 수면유도음악! 잠오는 음악 | 잠잘때 듣는 음악
74,"""하얀 꽃에 떨어지는 비"" 10시간 피아노 수면음악 🎵 빗소리, 잠오는음악, 불면증음악 (White Flower)"
75,3시간 안에 잠을 자게하는 기적의 음악! 불면증 치료 음악 | 수면음악 30분 | 잠잘오는음악
76,"잠잘때듣는음악, 불면증에 좋은 수면음악, 휴식음악😴"
77,"🔇💤 8시간 방해 없이 푹~ 주무세요. 아련한 피아노 수면 음악과 브로드밴드 수면 사운드 - 시원한 여름밤 시골집 마루에 누워 8시간 숙면여행 [논문 근거 기반, 기상알람 없음]"
78,🌙듣자마자 스르르 꿀잠 재워드릴 수면유도음악 -5분후 화면 꺼짐 -잠 잘때 듣기 좋은 음악
79,🌙듣자마자 기절 시켜드리는 수면유도음악 -5분후 화면 꺼짐--잠 잘때 듣기 좋은 음악
80,"10시간 아늑한 수면유도음악 + 풀벌레소리 🎵 스트레스해소음악, 힐링음악, 불면증음악 (My Angel)"
81,"🤦‍♂️💤 오랜 불면증도 잠재워요. 취침 전 15분의 자율훈련(AT) 숙면가이드 - 미국수면의학회 권장 만성불면증, 피로 개선 등에 도움되는 아우토겐 트레이닝 & 사운드테라피 음악"
82,5분만 들으면 바로 깊은 잠에 들어갑니다 | 잠들때 듣는 음악 | 잠오는 음악 | 수면 유도 음악 | 수면음악 | 잠잘 때 듣기 좋은 노래 힐링음악 명상음악
83,"""고단한 하루를 보낸 너에게.."" 마음을 위로하는 수면음악"
84,🌙듣자마자 깊은 숙면 가능해요 수면유도음악 -5분후 화면 꺼짐 -잠 잘때 듣기 좋은 음악
85,🌙듣자마자 바로 기절 할수있어요 수면유도음악 -5분후 화면 꺼짐 -잠 잘때 듣기 좋은 음악
86,"수면유도 빗소리 5분뒤 화면꺼짐(2h) 잠 잘오는 숙면 빗소리asmr,  Rain sounds, 불면증완화"
87,"10시간 힐링가득한 수면음악 🎵 마음이 편안해지는 음악, 스트레스해소음악, 불면증음악 (Moon River)"
88,🌙들으면 스르르 잠들수있는 수면유도음악 -5분후 화면 꺼짐 -잠 잘때 듣기 좋은 음악
89,"생각을 비우고 잠드는 시간.. 오늘은 이노래를 들으며 잠들거야 🌙 레전드 수면유도음악, 달콤한 수면음악, 잠잘오는 음악"
90,5분만 들으면 바로 깊은 잠에 들어갑니다 | 잠들때 듣는 음악 | 잠오는 음악 | 수면 유도 음악 | 수면음악 | 잠잘 때 듣기 좋은 노래 힐링음악 명상음악
91,🌙듣자마자 스르르 눈이 감겨지는  수면유도음악 -5분후 화면 꺼짐 -잠 잘때 듣기 좋은 음악
92,"""너의 밤이 행복하길 바라며"" 너의 밤을 지켜주는 수면음악"
93,"👩‍🚀🔋 NASA 최첨단 수면실에서 6시간 회복 숙면하세요! 오래 잔 듯, 가득 충전되는 생체에너지 회복실 - NASA NAP의 밤잠 버전 [기상알람 1회]"
94,"😴🌧️ 130년의 시간을 거슬러 궁궐 안에서 숙면하세요. 동양풍 수면 음악(국악)과 브라운노이즈 빗소리 - 왕의 휴식처, 경복궁 향원정에서의 6시간 숙면여행 [기상알람 없음]"
95,"[2시간] 잠이 솔솔 오는 빗소리 ｜최상의 숙면을 위한 빗소리 ASMR ｜비오는소리 ,  5분후 어두운화면"
96,"☁불안한 마음을 치유하는 수면음악, 부드러운 음악, 편안한 음악☁"
97,🌙들으면 깊은 잠에 빠질수있는 수면유도음악 -5분후 화면 꺼짐 -잠 잘때 듣기 좋은 음악
98,3분만에 잠오는 음악! 낮잠음악 | 불면증 치료 음악 | 숙면을 위한 음악
99,꿈 속으로 다녀오겠습니다 🚪🗝  스즈메 수면 유도 영상｜모트모트 수면실｜스즈메 OST｜ASMR｜불면증｜수면 유도｜잠 잘 오는｜𝗺𝗼𝘁𝗲𝗺𝗼𝘁𝗲｜모트모트
100,20분 안에 잠을 자게하는 기적의 음악! 최대한 빨리 재워주는 수면유도음악
101,잠 잘오는 숙면 빗소리 5분 뒤 화면 꺼짐 (2h) | 수면유도 백색소음 빗소리 ASMR Rain sounds
102,"몸과 마음이 편안해지는 힐링&수면음악 - 최고의 수면유도 음악, 스트레스 완화, 편안한 음악, 명상음악"
103,🌙듣자마자스르르 잠들수있어요 수면유도음악 -5분후 화면 꺼짐-잠 잘때 듣는 음악-잠 잘때 듣기 좋은 음악
104,"당신을 잠들게 하는 기적의 음악 🎵 잠잘때 듣는 음악,수면유도음악,불면증 치료 음악,힐링음악"
105,🌙듣자마자 눈이 감기게 도와주는수면유도음악 -5분후 화면 꺼짐 -잠 잘때 듣기 좋은 음악
106,5분만 들으면 바로 깊은 잠에 들어갑니다 | 잠들때 듣는 음악 | 잠오는 음악 | 수면 유도 음악 | 수면음악 | 잠잘 때 듣기 좋은 노래 힐링음악 명상음악
107,잠이 솔솔오는 밤 비행기타고 같이 수면 여행 가요 ✈️ 밤 비행기 ASMR + 수면유도음악
108,🌙듣자마자 스르르 잠이드는 수면유도음악 -5분후 화면 꺼짐 -잠 잘때 듣기 좋은 음악
109,🌙듣자마자 깊은 숙면 가능해요  수면유도음악 -5분후 화면 꺼짐--잠 잘때 듣기 좋은 음악
110,🌙들으면 꿀잠으로 빠져들어요 수면유도음악 -5분후 화면 꺼짐 -잠 잘때 듣기 좋은 음악
111,클래식 명곡 베스트 100 광고없음  마음을 편하게 해주는 아름다운 클래식 피아노
112,"광고없는수면유도음악! 잠 잘 오는 노래 🎵 스트레스 해소와 마음의 안정을 주는 기적의 수면음악, 잠잘때 듣기 좋은 노래"
113,"하루의 끝, 편안한 침실에서 듣는 수면음악☁잠오는음악,불면증 치료음악,수면유도음악"
114,"눈 감고, 딱 10분! 누구나 꿀잠자는 수면유도음악! 편안한수면음악! 잠잘때 듣는 음악"
115,🌙듣자마자 눈을 감기게 해줄  수면유도음악 -5분후 화면 꺼짐-잠 잘때 듣는 음악-잠 잘때 듣기 좋은 음악
116,🌙듣자마자 푹 잠들수 있어요 수면유도음악 -5분후 화면 꺼짐 -잠 잘때 듣기 좋은 음악
117,"10시간 포근한 수면음악 🎵 마음이 편안해지는 음악, 불면증치료음악, 잠잘오는음악, 수면유도음악 (Lavender)"
118,"10시간 서서히 잠이 드는 느린 수면음악 + 물소리 🎵 마사지음악, 스트레스해소음악, 명상음악 (Relaxing Day)"
119,5분만 들으면 바로 깊은 잠에 들어갑니다 | 잠들때 듣는 음악 | 잠오는 음악 | 수면 유도 음악 | 수면음악 | 잠잘 때 듣기 좋은 노래 힐링음악 명상음악
120,마음이 편안해지는 힐링음악! 명상음악 | 스트레스 해소 음악 | 수면유도음악
121,"10시간 잔잔한 수면음악 🎵 스트레스 해소음악, 잠잘때 듣는 음악, 불면증치료음악, 수면유도음악 My Dream"
122,🌳😌 오늘 밤 당신의 천연 회복 수면제! 피톤치드 숲 백색소음과 몽환적 수면음악 - 알프스 자연휴양림 호텔에서의 6시간 숙면여행 [기상알람 없음]
123,🌙듣자마자 꿀잠 잘수있어요 수면유도음악 -5분후 화면 꺼짐 -잠 잘때 듣기 좋은 음악
124,"5분만 들어도 깊은 잠에 빠져요 피아노 음악 듣기 🎵 수면유도음악, 편안한 음악, 힐링음악"
125,"10시간 감미로운 수면음악 + 빗소리 🎵 수면유도음악, 스트레스해소음악, 불면증음악, 편안한음악 (Stay Here)"
126,"이리 와, 5분 안에 재워줄게! 수면음악 | 수면유도음악 | 잠자는 노래"
127,듣자마자 떡실신하는 수면유도음악│7시간 연속│중간광고없음│잠안올때 듣는 음악│잠잘때 듣는 음악│수면교육연구소
128,"💗스트레스 해소와 마음의 안정을 주는 기적의 수면음악💤😴 널 위한 힐링음악, 공부를 위한 음악, 심신 이완"
129,듣자마자 기절할수 있어요- 수면유도음악-5분후 화면 꺼짐-잠 잘때 듣기 좋은 음악🌙
130,듣자마자 떡실신하는 수면유도음악│7시간 연속│중간광고없음│잠안올때 듣는 음악│잠잘때 듣는 음악│수면교육연구소 힐링음악 명상음악
131,🌜 최대한 빨리 재워주는 수면유도음악  | 잠잘때 듣는 음악
132,"10시간 긴장을 완화 시켜주는 수면음악 🎵 마음이 편안해지는 음악, 스트레스해소음악, 불면증음악 (Moon)"
133,아침이 달라지는 효과적인 수면법! 5시간 파워 숙면 뇌파소리!할 일이 많은 날 고효율 5시간 숙면!
134,5분만들으면바로깊은잠에들어갑니다! 깊은 수면을 위한 음악 | 수면유도음악 | 잠잘때 듣는 음악
135,5분만 들으면 바로 깊은 잠에 들어갑니다 | 잠들때 듣는 음악 | 잠오는 음악 | 수면 유도 음악 | 수면음악 | 잠잘 때 듣기 좋은 노래 힐링음악 명상음악
136,"스트레스 해소, 수면 및 명상을 위한 3시간의 편안한 수면 음악! 잠자는음악"
137,30분안에 깊은 수면가능 음악│잠잘때 듣는 음악│불면증치료│잠잘오는음악
138,순한 아기 피아노 자장가 12시간 🌙 행복한 통잠을 위한 노래
139,자장가 브람스 아기수면음악 ♫ 자장가 오르골 어린이동요 ♫ 수면음악 연속듣기 ♫ 아기자장가노래 ♫ 유아자장가 신생아 음악  5시간 잔잔한 수면음악 Relaxing Music
140,"눈 감고, 딱 10분! 누구나 꿀잠자는 수면유도음악 | 잠잘때 듣는 음악"
141,10분안에 깊게 잠들수 있어요-5분후 화면 꺼짐-잠 잘때 듣는 음악-수면 유도 음악-잠 잘때 듣기 좋은 음악🌙
142,"수면유도음악🌜| 이리 와, 5분 안에 재워줄게"
143,잠이 안 오나요? 10분 안에 재워줄게요! 떡실신수면유도음악! 잠잘때 듣는 음악
144,"""The moon"" 깊은 수면음악 10시간ㅣ불면증 치료 음악,수면 유도 음악"
145,"""꿈꾸는 고래"" 당신을 위로하는 수면음악"
146,아기 편안한 수면음악 모음 🌕 포근한 통잠을 위한 선율
147,5분만 들어도 깊은 잠에 빠져요 피아노 음악 듣기! 1분안에 잠드는 노래! 잘때듣기좋은노래
148,"3시간 동안의 편안한 음악 - 수면 음악, 부드러운 피아노 음악! 숙면을 위한 음악"
149,"하루의 끝, 편안한 침실에서 듣는 수면음악☁잠잘때 듣는 음악,불면증 치료 음악,수면유도음악"
150,수면유도음악🌜 | 잠이 안 오나요? 10분 안에 재워줄게요😴 | 잠잘때 듣는 음악
151,수면유도음악 | 10분 안에 재워줄게요😴 | 잠잘때 듣는 음악 | 불면증음악
152,8시간 Black Screen 실제 신경 정신과에서 사용하는 심신 뇌파 안정과 숙면에 효과가 있는 음악
153,"이 노래를 들으면 잠이 들 것이다 🎵 위로하는 수면음악, 좋은 수면을위한 음악, 음악은 당신의 상처를 치유합니다 , 수면유도음악"
154,[피타고라스 생애편] 상위 1%의 성우가 들려주는 불면증 해소 수면 ASMR  ｜ The best sleeping ASMR
155,🌙10분이면 깊은 숙면 가능해요 수면유도음악 -5분후 화면 꺼짐 -잠 잘때 듣기 좋은 음악
156,만들다가 자버린 전설의 수면유도음악
157,"🌜💤 몇 시간을 자든, 숙면 골든타임 90분은 꼭 챙기세요! 스탠퍼드大 수면 연구진의 숙면하는 황금법칙 기반 첫번째 수면사이클 뇌파 동조화 사운드 (기상알람 없음)"
158,"10시간 따듯한 수면음악 + 풀벌레소리 🎵 마음이 편안해지는 음악, 불면증치료음악, 잠잘오는음악, 수면유도음악 (Nostalgia)"
159,"""In the rain"" 로맨틱한 수면음악 - 그대는 꿈이었을까.."
160,수면유도음악🌜 | 눈만 감으세요 10분 안에 재워드려요
161,"10시간 수면음악 + 빗소리 🎵 수면유도음악, 스트레스해소음악, 불면증음악, 편안한음악"
162,듣자마자 떡실신하는 수면유도음악 (+빗소리)
163,"""수고했어.. 오늘은 푹자!"" 당신을 위로하는 수면음악"
164,"""오늘도 수고한 너에게"" 마음을 위로하는 수면음악"
165,30분안에 깊은 수면가능 음악 / 잠잘때 듣는 음악 / 불면증치료 / 잠잘오는음악 /수면유도 / 수면음악 / 잠잘때 듣는 음악 / 불면증퇴치
166,10시간 포근한 수면음악 ! 마음이 편안해지는 음악 | 수면유도음악 | 잠자리음악
167,"10시간 잔잔한 수면음악 🎵 스트레스 해소음악, 잠잘때 듣는 음악, 불면증치료음악, 수면유도음악 ,잘때듣기좋은노래"
168,"""오늘은 푹 자요!"" 행복한 꿈을 꾸는 수면음악"
169,10분 안에 꿀잠자는  델타파 - 델타파 수면 - 수면 주파수 - 잠박사
170,"10시간 편안한 수면유도음악 + 물소리 🎵 명상음악, 잠잘때듣는음악, 힐링음악, 수면음악 (Daisy)"
171,듣자마자 떡실신하는 수면유도음악│7시간 연속│중간광고없음│잠안올때 듣는 음악│잠잘때 듣는 음악│수면교육연구소 힐링음악 명상음악
172,🌙듣자마자스르르 잠들수있어요 수면유도음악 -5분후 화면 꺼짐-잠 잘때 듣는 음악-잠 잘때 듣기 좋은 음악
173,자장가 브람스 아기수면음악 ♫ 자장가 오르골 어린이 ♫ 수면음악 연속듣기 ♫ 아기자장가노래 ♫ 유아자장가 수면유도음악
174,"10시간 수면음악 + 파도소리 🎵스트레스해소음악, 수면유도음악, 불면증치료음악, 잠잘때듣는음악 (One Day)"
175,🌙듣자마자 스르르 꿀잠 재워드릴 수면유도음악 -5분후 화면 꺼짐 -잠 잘때 듣기 좋은 음악
176,듣자마자 떡실신 하는 수면유도음악-5분후 화면 꺼짐-잠 잘때 듣는 음악-수면 유도 음악-잠 잘때 듣기 좋은 음악🌙
177,"당신을 잠들게 하는 기적의 음악 🎵 잠잘때 듣는 음악,수면유도음악,불면증 치료 음악,힐링음악"
178,5분만 들으면 바로 깊은 잠에 들어갑니다 | 잠들때 듣는 음악 | 잠오는 음악 | 수면 유도 음악 | 수면음악 | 잠잘 때 듣기 좋은 노래 힐링음악 명상음악
179,듣자마자 떡실신하는 수면유도음악│7시간 연속│중간광고없음│잠안올때 듣는 음악│잠잘때 듣는 음악│수면교육연구소 힐링음악 명상음악
180,5분안에 잠들기! 수면음악 3시간! 잠잘때 듣는 음악 | 수면유도음악
181,불면증 환자도 떡실신하는 수면유도음악 | 잠잘때 듣는 음악
182,"몸의 긴장을 풀어주는 힐링음악 + 물소리 🎵 마사지음악, 스파음악, 휴식음악, 수면유도음악"
183,10분 안에 꿀잠자는 수면유도음악 (+파도소리)
184,5분만 들으면 바로 깊은 잠에 들어갑니다 | 잠들때 듣는 음악 | 잠오는 음악 | 수면 유도 음악 | 수면음악 | 잠잘 때 듣기 좋은 노래 힐링음악 명상음악
185,3시간 잔잔한 수면음악! 광고없는 수면유도음악! 잠잘오는소리
186,떡실신 쌉가능한 수면유도음악 | 잠잘때 듣는 음악
187,"내 마음 한편을 다독여줄 수면유도음악 🎵 스트레스해소음악, 잠잘때듣는음악, 불면증음악 (Long Day)"
188,듣자마자 떡실신하는 수면유도음악│7시간 연속│중간광고없음│잠안올때 듣는 음악│잠잘때 듣는 음악│수면교육연구소 힐링음악 명상음악
189,8시간 포근한 편안해지는 음악 | 불면증치료음악
190,💤수면유도 빗소리 5분뒤 화면꺼짐 | 2시간 | 백색소음 | 수면 | 꿀잠 | 빗소리
191,"10시간 희망을 주는 수면유도음악 🎵 잔잔한음악, 스트레스해소음악, 잠오는음악 (Small Star)"
192,망한 신체리듬 되돌려주는 수면유도음악 | 잠잘때 듣는 음악
193,수면유도음악🌜 | 만들다가 침 흘리고 자버린 잠잘때 듣는 음악😪 (+모닥불소리)
194,"델타파 수면음악 | 불면증 개박살내는 수면유도음악 - 불면증에 효과적인 뇌파소리, 수면 주파수,수면 주파수, 행운, 축복을 끌어당기는 신기한 명상 음악, 부자명상, 돈"
195,20분만에 잠드는 음악!  최상의 숙면을 경험하세요! 수면유도음악 | 잠오는 소리 asmr
196,아가에게 들려주기 좋은 느린 수면음악 [7시간] 🌜 안정적인 성장을 위한 시간
197,"나를 편안하게 만드는 잔잔한 수면음악 🌙 빗소리 힐링음악, 잠잘때듣는음악, 불면증음악 (Stardust)"
198,"근심과 걱정을 없애주는 수면음악, 편안한 명상음악 'starlight falls'"
199,아침이 달라지는 최상의 숙면수면유도음악-5분후 화면 꺼짐-잠 잘때 듣는 음악-잠 잘때 듣기 좋은 음악🌙
200,👩‍🚀🌖 달기지 최첨단 수면실에서 9시간 회복 숙면하세요! 몸과 마음의 누적된 피로를 회복하고 재충전을 돕는 NASA NAP 9시간 ver. 수면 전문 사운드 [기상알람 1회]
201,10분안에 마취시켜주는 수면유도음악! 잠오는 음악 | 잠잘때 듣는 음악
202,"듣자마자 떡실신하는 수면유도음악 🎵 침실에서 듣는 수면음악,위로음악,잠잘때 듣는 음악,중간광고없음"
203,"""오늘도 달콤한 꿈 꾸세요"" 당신을 위한 수면음악"
204,"5분만에 깊게 잠드는 수면유도 명상 | 숙면을 위한 7시간 수면음악, 불면증 치료 수면명상, 잠잘때 듣는 음악"
205,"수면유도음악, 마음의 진정과 평화를 주는 수면음악, 편안한 음악 'Dream melody'"
206,"5분안에 잠이 쏟아지는 수면명상 | 수면유도 음악, 불면증 asmr"
207,10분안에 잠드는 꿀잠 수면명상 [숙면을 위한 수면유도 음악]
208,"""오늘밤, 별이 빛나면"" 동화같은 수면음악 - 꿈꾸는 밤"
209,30분안에 깊은 수면가능 음악│찐토리 수면음악│잠잘때 듣는 음악│불면증치료│잠잘오는음악│수면유도│수면음악│잠잘때 듣는 음악│불면증퇴치│찐토리
210,"불면증에 좋은 최고의 빗소리 10분이내 수면 백색소음 자장가 ASMR | Rain Sounds For Sleeping, White Noise"
211,자는동안 틀어두는 느린 멜로디 🐑 뒤척임 없는 아기 잠자리
212,수면유도 빗소리 5분뒤 화면꺼짐(2h) 편안한 굿밤 되세요.
213,"듣자마자 떡실신하는 수면유도음악 🎵 10시간 연속,중간광고없음,잠안올때 듣는 음악,잠잘때 듣는 음악"
214,10분이면 효과 발동되는 수면유도음악 | 잠잘때 듣는 음악
215,"10시간 수면음악 + 파도소리 🎵스트레스해소음악, 수면유도음악, 불면증치료음악, 잠잘때듣는음악 (One Day)(새로운버전)"
216,"마음의 안정을 위한 수면음악 | 불안함과 걱정, 스트레스 해소음악, 명상음악"
217,"10시간 편안한 수면음악 + 풀벌레소리 🎵수면유도음악, 마음이 편안해지는 음악, 불면증치료음악, 잠잘때듣는음악"
218,자장가 브람스 아기수면음악 ♫ 자장가 오르골 어린이 ♫ 수면음악 연속듣기 ♫ 아기자장가노래 ♫ 유아자장가 수면유도음악
219,5분만에 잠드는 자장가! 광고없는 수면유도음악 | 낮잠음악 | 잠잘때 듣는 음악
220,"♥쉬소리 8시간 델타파,미국 수면의학회 추천 수면음악,백색소음,asmr,빗소리,잠오는영상,잠오는 소리,잠오는 클래식,깊은 수면음악,불면증치료,잠오는 노래 ,잠잘오는음악,잠잘오는노래"
221,"🏅📝 적게 자도 숙면하세요! 4시간30분 수면 관리 가이드, 장시간 브레인 파워냅 for 수험생, 공시생 (알람 3회 有) [BSM Level 1 - 숙면 유도 및 수면 관리]"
222,"5초만 들으면 바로 잠들기 🎶 불면증 음악,명상 음악, 요가 음악,수면유도음악,스트레스 해소음악,좋은 꿈 꾸는 음악"
223,🌙듣자마자 깊은 숙면 가능해요 수면유도음악 -5분후 화면 꺼짐 -잠 잘때 듣기 좋은 음악
224,"""오늘 하루는 어땠나요"" 당신을 위로하는 수면음악 - 수고했어요,오늘도!"
225,수면 효율 두 배로 올려주는 수면유도음악 (+파도소리)
226,"오늘 하루는 어땠어요? 감성 수면음악 + 빗소리 🎵 수면유도음악, 불면증치료음악, 잠오는음악 (Stand)"
227,잠잘때 듣는 음악 광고없는! 불면증 치료 음악 | 취침음악 | 낮잠음악 | 수면유도음악
228,🌙듣자마자 깊은 잠 잘수있어요 수면유도음악 -5분후 화면 꺼짐--잠 잘때 듣기 좋은 음악
229,🌙듣자마자 숙면 할수있어요 수면유도음악 -5분후 화면 꺼짐--잠 잘때 듣기 좋은 음악
230,"10시간 고요한 수면음악 🎵 수면유도음악, 마음이 편안해지는 음악, 잠잘오는음악 (Moon Lake)"
231,[자장가클래식모음 1시간연속] 피아노 자장가 슈베르트 모짜르트 자장가 풀벌레소리 바람소리 ♬숙면유도♬수면음악 연속듣기 ♫ 자장가노래 ♫ 수면유도음악
232,"😌💤 지우다 보면 아침이에요. 300만명이 인정한 수면유도 및 근긴장, 통증완화에 도움되는 지우개 심상 명상가이드 & 앰비언스 수면음악"
233,"10시간 비 내리는 봄에 듣는 편안한 수면음악 🎵 잠잘때듣는음악, 마음이 편안해지는 음악, 수면유도음악 (Spring Rain)"
234,5분만 들으면 바로 깊은 잠에 들어갑니다 | 잠들때 듣는 음악 | 잠오는 음악 | 수면 유도 음악 | 수면음악 | 잠잘 때 듣기 좋은 노래 힐링음악 명상음악
235,"""오늘도 굿밤!"" 행복한 꿈을 꾸는 수면음악"
236,만들다가 자버린 전설의 수면유도음악 | 잠잘 때 듣기 좋은 노래 힐링음악 |명상음악
